Taxon1,Taxon2,Correlation,P.value,Method
p__Asgardarchaeota,Not_Assigned,0.8883,1e-04,secom_pearson1
p__Bacteroidota,Not_Assigned,-0.9133,0,secom_pearson1
p__Bdellovibrionota,Not_Assigned,-0.7858,0.0024,secom_pearson1
p__Caldatribacteriota,Not_Assigned,0.8564,8e-04,secom_pearson1
p__Cloacimonadota,Not_Assigned,0.8036,0.0016,secom_pearson1
p__Cyanobacteria,Not_Assigned,-0.694,0.0123,secom_pearson1
p__Dependentiae,Not_Assigned,0.9673,0,secom_pearson1
p__Diatomea,Not_Assigned,-0.8518,4e-04,secom_pearson1
p__Fermentibacterota,Not_Assigned,0.7327,0.0067,secom_pearson1
p__Latescibacterota,Not_Assigned,0.6294,0.0283,secom_pearson1
p__LCP_89,Not_Assigned,0.8265,9e-04,secom_pearson1
p__Myxococcota,Not_Assigned,-0.6502,0.0221,secom_pearson1
p__Nanoarchaeota,Not_Assigned,0.8462,5e-04,secom_pearson1
p__NB1_j,Not_Assigned,-0.9269,0,secom_pearson1
p__Nitrospinota,Not_Assigned,-0.6775,0.0155,secom_pearson1
p__Nitrospirota,Not_Assigned,-0.892,1e-04,secom_pearson1
p__NKB15,Not_Assigned,0.8681,0.0024,secom_pearson1
p__PAUC34f,Not_Assigned,0.8094,0.0014,secom_pearson1
p__Planctomycetota,Not_Assigned,-0.7691,0.0035,secom_pearson1
p__Proteobacteria,Not_Assigned,-0.9622,0,secom_pearson1
p__Verrucomicrobiota,Not_Assigned,-0.9478,0,secom_pearson1
p__WPS_2,Not_Assigned,-0.8785,0.0018,secom_pearson1
p__Bacteroidota,p__Acetothermia,-0.8437,0.0042,secom_pearson1
p__Bdellovibrionota,p__Acetothermia,-0.7816,0.0129,secom_pearson1
p__Caldatribacteriota,p__Acetothermia,0.897,0.001,secom_pearson1
p__Cloacimonadota,p__Acetothermia,0.7465,0.0209,secom_pearson1
p__Cyanobacteria,p__Acetothermia,-0.9121,6e-04,secom_pearson1
p__Hydrogenedentes,p__Acetothermia,0.687,0.0409,secom_pearson1
p__Latescibacterota,p__Acetothermia,0.7839,0.0124,secom_pearson1
p__Nanoarchaeota,p__Acetothermia,0.8287,0.0058,secom_pearson1
p__Verrucomicrobiota,p__Acetothermia,-0.7417,0.0222,secom_pearson1
p__WPS_2,p__Acetothermia,-0.8596,0.0282,secom_pearson1
p__Asgardarchaeota,p__Acidobacteriota,0.8249,0.001,secom_pearson1
p__Bacteroidota,p__Acidobacteriota,-0.847,5e-04,secom_pearson1
p__Bdellovibrionota,p__Acidobacteriota,-0.8326,8e-04,secom_pearson1
p__Caldatribacteriota,p__Acidobacteriota,0.7176,0.0129,secom_pearson1
p__Cloacimonadota,p__Acidobacteriota,0.693,0.0125,secom_pearson1
p__Dependentiae,p__Acidobacteriota,0.9203,0,secom_pearson1
p__Diatomea,p__Acidobacteriota,-0.8725,2e-04,secom_pearson1
p__Fermentibacterota,p__Acidobacteriota,0.6186,0.032,secom_pearson1
p__LCP_89,p__Acidobacteriota,0.7654,0.0037,secom_pearson1
p__Nanoarchaeota,p__Acidobacteriota,0.7144,0.009,secom_pearson1
p__NB1_j,p__Acidobacteriota,-0.7898,0.0022,secom_pearson1
p__Nitrospinota,p__Acidobacteriota,-0.6239,0.0302,secom_pearson1
p__Nitrospirota,p__Acidobacteriota,-0.8517,4e-04,secom_pearson1
p__NKB15,p__Acidobacteriota,0.7947,0.0105,secom_pearson1
p__PAUC34f,p__Acidobacteriota,0.7891,0.0023,secom_pearson1
p__Planctomycetota,p__Acidobacteriota,-0.5807,0.0477,secom_pearson1
p__Proteobacteria,p__Acidobacteriota,-0.9089,0,secom_pearson1
p__Verrucomicrobiota,p__Acidobacteriota,-0.8794,2e-04,secom_pearson1
p__WPS_2,p__Acidobacteriota,-0.8245,0.0062,secom_pearson1
p__Asgardarchaeota,p__Actinobacteriota,0.9495,0,secom_pearson1
p__Bacteroidota,p__Actinobacteriota,-0.9213,0,secom_pearson1
p__Bdellovibrionota,p__Actinobacteriota,-0.9376,0,secom_pearson1
p__Caldatribacteriota,p__Actinobacteriota,0.9015,1e-04,secom_pearson1
p__Cloacimonadota,p__Actinobacteriota,0.8984,1e-04,secom_pearson1
p__Cyanobacteria,p__Actinobacteriota,-0.778,0.0029,secom_pearson1
p__Dependentiae,p__Actinobacteriota,0.85,5e-04,secom_pearson1
p__Diatomea,p__Actinobacteriota,-0.797,0.0019,secom_pearson1
p__Fermentibacterota,p__Actinobacteriota,0.8232,0.001,secom_pearson1
p__Hydrogenedentes,p__Actinobacteriota,0.6426,0.0242,secom_pearson1
p__Latescibacterota,p__Actinobacteriota,0.7797,0.0028,secom_pearson1
p__LCP_89,p__Actinobacteriota,0.9089,0,secom_pearson1
p__Myxococcota,p__Actinobacteriota,-0.764,0.0038,secom_pearson1
p__Nanoarchaeota,p__Actinobacteriota,0.9317,0,secom_pearson1
p__NB1_j,p__Actinobacteriota,-0.9349,0,secom_pearson1
p__Nitrospinota,p__Actinobacteriota,-0.8218,0.001,secom_pearson1
p__Nitrospirota,p__Actinobacteriota,-0.8097,0.0014,secom_pearson1
p__NKB15,p__Actinobacteriota,0.8117,0.0079,secom_pearson1
p__PAUC34f,p__Actinobacteriota,0.8319,8e-04,secom_pearson1
p__Planctomycetota,p__Actinobacteriota,-0.8413,6e-04,secom_pearson1
p__Proteobacteria,p__Actinobacteriota,-0.9529,0,secom_pearson1
p__Sva0485,p__Actinobacteriota,0.6481,0.0227,secom_pearson1
p__Verrucomicrobiota,p__Actinobacteriota,-0.9582,0,secom_pearson1
p__WPS_2,p__Actinobacteriota,-0.921,4e-04,secom_pearson1
Not_Assigned,p__Asgardarchaeota,0.8883,1e-04,secom_pearson1
p__Acidobacteriota,p__Asgardarchaeota,0.8249,0.001,secom_pearson1
p__Actinobacteriota,p__Asgardarchaeota,0.9495,0,secom_pearson1
p__Bacteroidota,p__Asgardarchaeota,-0.8313,8e-04,secom_pearson1
p__Bdellovibrionota,p__Asgardarchaeota,-0.9004,1e-04,secom_pearson1
p__Caldatribacteriota,p__Asgardarchaeota,0.9414,0,secom_pearson1
p__Calditrichota,p__Asgardarchaeota,0.8971,1e-04,secom_pearson1
p__Campilobacterota,p__Asgardarchaeota,-0.6062,0.0367,secom_pearson1
p__Chloroflexi,p__Asgardarchaeota,0.9825,0,secom_pearson1
p__Cloacimonadota,p__Asgardarchaeota,0.9663,0,secom_pearson1
p__Crenarchaeota,p__Asgardarchaeota,-0.6139,0.0337,secom_pearson1
p__Cyanobacteria,p__Asgardarchaeota,-0.7734,0.0032,secom_pearson1
p__Dependentiae,p__Asgardarchaeota,0.7986,0.0018,secom_pearson1
p__Desulfobacterota,p__Asgardarchaeota,0.651,0.0219,secom_pearson1
p__Diatomea,p__Asgardarchaeota,-0.8251,0.001,secom_pearson1
p__Elusimicrobiota,p__Asgardarchaeota,0.9279,1e-04,secom_pearson1
p__Fermentibacterota,p__Asgardarchaeota,0.9335,0,secom_pearson1
p__Gemmatimonadota,p__Asgardarchaeota,0.8301,8e-04,secom_pearson1
p__Halobacterota,p__Asgardarchaeota,0.6367,0.026,secom_pearson1
p__Hydrogenedentes,p__Asgardarchaeota,0.6501,0.0221,secom_pearson1
p__Latescibacterota,p__Asgardarchaeota,0.8833,1e-04,secom_pearson1
p__LCP_89,p__Asgardarchaeota,0.8632,3e-04,secom_pearson1
p__Marinimicrobia_(SAR406_clade),p__Asgardarchaeota,0.9637,0,secom_pearson1
p__Myxococcota,p__Asgardarchaeota,-0.8415,6e-04,secom_pearson1
p__Nanoarchaeota,p__Asgardarchaeota,0.972,0,secom_pearson1
p__NB1_j,p__Asgardarchaeota,-0.9082,0,secom_pearson1
p__Nitrospinota,p__Asgardarchaeota,-0.8889,1e-04,secom_pearson1
p__Nitrospirota,p__Asgardarchaeota,-0.8382,7e-04,secom_pearson1
p__NKB15,p__Asgardarchaeota,0.864,0.0027,secom_pearson1
p__Patescibacteria,p__Asgardarchaeota,0.8816,1e-04,secom_pearson1
p__PAUC34f,p__Asgardarchaeota,0.8486,5e-04,secom_pearson1
p__Planctomycetota,p__Asgardarchaeota,-0.8722,2e-04,secom_pearson1
p__Proteobacteria,p__Asgardarchaeota,-0.9125,0,secom_pearson1
p__Spirochaetota,p__Asgardarchaeota,0.8602,3e-04,secom_pearson1
p__Sumerlaeota,p__Asgardarchaeota,0.7906,0.0065,secom_pearson1
p__Sva0485,p__Asgardarchaeota,0.7902,0.0022,secom_pearson1
p__Thermoplasmatota,p__Asgardarchaeota,0.9748,0,secom_pearson1
p__Verrucomicrobiota,p__Asgardarchaeota,-0.8979,1e-04,secom_pearson1
p__WOR_1,p__Asgardarchaeota,0.876,0.002,secom_pearson1
p__WPS_2,p__Asgardarchaeota,-0.8197,0.0068,secom_pearson1
p__WS1,p__Asgardarchaeota,0.9282,3e-04,secom_pearson1
p__WS2,p__Asgardarchaeota,0.7496,0.0201,secom_pearson1
p__Zixibacteria,p__Asgardarchaeota,0.9634,0,secom_pearson1
Not_Assigned,p__Bacteroidota,-0.9133,0,secom_pearson1
p__Acetothermia,p__Bacteroidota,-0.8437,0.0042,secom_pearson1
p__Acidobacteriota,p__Bacteroidota,-0.847,5e-04,secom_pearson1
p__Actinobacteriota,p__Bacteroidota,-0.9213,0,secom_pearson1
p__Asgardarchaeota,p__Bacteroidota,-0.8313,8e-04,secom_pearson1
p__Bdellovibrionota,p__Bacteroidota,0.8366,7e-04,secom_pearson1
p__Caldatribacteriota,p__Bacteroidota,-0.8124,0.0024,secom_pearson1
p__Calditrichota,p__Bacteroidota,-0.9152,0,secom_pearson1
p__Chloroflexi,p__Bacteroidota,-0.8354,7e-04,secom_pearson1
p__Cloacimonadota,p__Bacteroidota,-0.7374,0.0062,secom_pearson1
p__Cyanobacteria,p__Bacteroidota,0.7303,0.007,secom_pearson1
p__Dependentiae,p__Bacteroidota,-0.8715,2e-04,secom_pearson1
p__Diatomea,p__Bacteroidota,0.6689,0.0174,secom_pearson1
p__Elusimicrobiota,p__Bacteroidota,-0.9318,1e-04,secom_pearson1
p__Fermentibacterota,p__Bacteroidota,-0.6531,0.0213,secom_pearson1
p__Gemmatimonadota,p__Bacteroidota,-0.871,2e-04,secom_pearson1
p__Halobacterota,p__Bacteroidota,-0.6569,0.0203,secom_pearson1
p__Latescibacterota,p__Bacteroidota,-0.5912,0.0429,secom_pearson1
p__LCP_89,p__Bacteroidota,-0.7553,0.0045,secom_pearson1
p__Marinimicrobia_(SAR406_clade),p__Bacteroidota,-0.8642,3e-04,secom_pearson1
p__Myxococcota,p__Bacteroidota,0.6362,0.0262,secom_pearson1
p__Nanoarchaeota,p__Bacteroidota,-0.7925,0.0021,secom_pearson1
p__NB1_j,p__Bacteroidota,0.8523,4e-04,secom_pearson1
p__Nitrospinota,p__Bacteroidota,0.6394,0.0252,secom_pearson1
p__Nitrospirota,p__Bacteroidota,0.6973,0.0117,secom_pearson1
p__NKB15,p__Bacteroidota,-0.685,0.0417,secom_pearson1
p__Patescibacteria,p__Bacteroidota,-0.777,0.0029,secom_pearson1
p__PAUC34f,p__Bacteroidota,-0.7943,0.002,secom_pearson1
p__Planctomycetota,p__Bacteroidota,0.6808,0.0148,secom_pearson1
p__Proteobacteria,p__Bacteroidota,0.8833,1e-04,secom_pearson1
p__Spirochaetota,p__Bacteroidota,-0.7113,0.0095,secom_pearson1
p__Sumerlaeota,p__Bacteroidota,-0.7156,0.02,secom_pearson1
p__Thermoplasmatota,p__Bacteroidota,-0.8385,7e-04,secom_pearson1
p__Verrucomicrobiota,p__Bacteroidota,0.933,0,secom_pearson1
p__WOR_1,p__Bacteroidota,-0.8692,0.0023,secom_pearson1
p__WPS_2,p__Bacteroidota,0.8453,0.0041,secom_pearson1
p__WS1,p__Bacteroidota,-0.9555,1e-04,secom_pearson1
p__WS2,p__Bacteroidota,-0.8893,0.0013,secom_pearson1
p__Zixibacteria,p__Bacteroidota,-0.8571,4e-04,secom_pearson1
Not_Assigned,p__Bdellovibrionota,-0.7858,0.0024,secom_pearson1
p__Acetothermia,p__Bdellovibrionota,-0.7816,0.0129,secom_pearson1
p__Acidobacteriota,p__Bdellovibrionota,-0.8326,8e-04,secom_pearson1
p__Actinobacteriota,p__Bdellovibrionota,-0.9376,0,secom_pearson1
p__Asgardarchaeota,p__Bdellovibrionota,-0.9004,1e-04,secom_pearson1
p__Bacteroidota,p__Bdellovibrionota,0.8366,7e-04,secom_pearson1
p__Caldatribacteriota,p__Bdellovibrionota,-0.8434,0.0011,secom_pearson1
p__Calditrichota,p__Bdellovibrionota,-0.8496,5e-04,secom_pearson1
p__Chloroflexi,p__Bdellovibrionota,-0.9086,0,secom_pearson1
p__Cloacimonadota,p__Bdellovibrionota,-0.8619,3e-04,secom_pearson1
p__Cyanobacteria,p__Bdellovibrionota,0.7636,0.0039,secom_pearson1
p__Dependentiae,p__Bdellovibrionota,-0.7145,0.009,secom_pearson1
p__Desulfobacterota,p__Bdellovibrionota,-0.5878,0.0445,secom_pearson1
p__Diatomea,p__Bdellovibrionota,0.7384,0.0061,secom_pearson1
p__Elusimicrobiota,p__Bdellovibrionota,-0.886,6e-04,secom_pearson1
p__Fermentibacterota,p__Bdellovibrionota,-0.7794,0.0028,secom_pearson1
p__Gemmatimonadota,p__Bdellovibrionota,-0.82,0.0011,secom_pearson1
p__Halobacterota,p__Bdellovibrionota,-0.6596,0.0196,secom_pearson1
p__Hydrogenedentes,p__Bdellovibrionota,-0.6798,0.015,secom_pearson1
p__Latescibacterota,p__Bdellovibrionota,-0.7697,0.0034,secom_pearson1
p__LCP_89,p__Bdellovibrionota,-0.8925,1e-04,secom_pearson1
p__Marinimicrobia_(SAR406_clade),p__Bdellovibrionota,-0.9115,0,secom_pearson1
p__Myxococcota,p__Bdellovibrionota,0.8114,0.0014,secom_pearson1
p__Nanoarchaeota,p__Bdellovibrionota,-0.8729,2e-04,secom_pearson1
p__NB1_j,p__Bdellovibrionota,0.864,3e-04,secom_pearson1
p__Nitrospinota,p__Bdellovibrionota,0.8272,9e-04,secom_pearson1
p__Nitrospirota,p__Bdellovibrionota,0.7383,0.0061,secom_pearson1
p__NKB15,p__Bdellovibrionota,-0.7403,0.0226,secom_pearson1
p__Patescibacteria,p__Bdellovibrionota,-0.8338,8e-04,secom_pearson1
p__PAUC34f,p__Bdellovibrionota,-0.7759,0.003,secom_pearson1
p__Planctomycetota,p__Bdellovibrionota,0.7683,0.0035,secom_pearson1
p__Proteobacteria,p__Bdellovibrionota,0.8688,2e-04,secom_pearson1
p__Spirochaetota,p__Bdellovibrionota,-0.895,1e-04,secom_pearson1
p__Sumerlaeota,p__Bdellovibrionota,-0.7325,0.016,secom_pearson1
p__Sva0485,p__Bdellovibrionota,-0.6672,0.0178,secom_pearson1
p__Thermoplasmatota,p__Bdellovibrionota,-0.9113,0,secom_pearson1
p__Verrucomicrobiota,p__Bdellovibrionota,0.9081,0,secom_pearson1
p__WOR_1,p__Bdellovibrionota,-0.8568,0.0032,secom_pearson1
p__WPS_2,p__Bdellovibrionota,0.8985,0.001,secom_pearson1
p__WS1,p__Bdellovibrionota,-0.8502,0.0037,secom_pearson1
p__WS2,p__Bdellovibrionota,-0.7575,0.0181,secom_pearson1
p__Zixibacteria,p__Bdellovibrionota,-0.9012,1e-04,secom_pearson1
Not_Assigned,p__Caldatribacteriota,0.8564,8e-04,secom_pearson1
p__Acetothermia,p__Caldatribacteriota,0.897,0.001,secom_pearson1
p__Acidobacteriota,p__Caldatribacteriota,0.7176,0.0129,secom_pearson1
p__Actinobacteriota,p__Caldatribacteriota,0.9015,1e-04,secom_pearson1
p__Asgardarchaeota,p__Caldatribacteriota,0.9414,0,secom_pearson1
p__Bacteroidota,p__Caldatribacteriota,-0.8124,0.0024,secom_pearson1
p__Bdellovibrionota,p__Caldatribacteriota,-0.8434,0.0011,secom_pearson1
p__Calditrichota,p__Caldatribacteriota,0.8309,0.0015,secom_pearson1
p__Chloroflexi,p__Caldatribacteriota,0.9694,0,secom_pearson1
p__Cloacimonadota,p__Caldatribacteriota,0.9841,0,secom_pearson1
p__Crenarchaeota,p__Caldatribacteriota,-0.6647,0.0257,secom_pearson1
p__Cyanobacteria,p__Caldatribacteriota,-0.8632,6e-04,secom_pearson1
p__Dependentiae,p__Caldatribacteriota,0.7567,0.007,secom_pearson1
p__Desulfobacterota,p__Caldatribacteriota,0.6957,0.0174,secom_pearson1
p__Diatomea,p__Caldatribacteriota,-0.7423,0.0089,secom_pearson1
p__Elusimicrobiota,p__Caldatribacteriota,0.8645,0.0012,secom_pearson1
p__Fermentibacterota,p__Caldatribacteriota,0.938,0,secom_pearson1
p__Gemmatimonadota,p__Caldatribacteriota,0.8399,0.0012,secom_pearson1
p__Hydrogenedentes,p__Caldatribacteriota,0.679,0.0216,secom_pearson1
p__Latescibacterota,p__Caldatribacteriota,0.9311,0,secom_pearson1
p__LCP_89,p__Caldatribacteriota,0.8522,9e-04,secom_pearson1
p__Marinimicrobia_(SAR406_clade),p__Caldatribacteriota,0.9469,0,secom_pearson1
p__Myxococcota,p__Caldatribacteriota,-0.876,4e-04,secom_pearson1
p__Nanoarchaeota,p__Caldatribacteriota,0.9912,0,secom_pearson1
p__NB1_j,p__Caldatribacteriota,-0.8836,3e-04,secom_pearson1
p__Nitrospinota,p__Caldatribacteriota,-0.8958,2e-04,secom_pearson1
p__Nitrospirota,p__Caldatribacteriota,-0.7112,0.0141,secom_pearson1
p__NKB15,p__Caldatribacteriota,0.6896,0.0398,secom_pearson1
p__Patescibacteria,p__Caldatribacteriota,0.8556,8e-04,secom_pearson1
p__PAUC34f,p__Caldatribacteriota,0.8781,4e-04,secom_pearson1
p__Planctomycetota,p__Caldatribacteriota,-0.8461,0.001,secom_pearson1
p__Proteobacteria,p__Caldatribacteriota,-0.8331,0.0014,secom_pearson1
p__Spirochaetota,p__Caldatribacteriota,0.9346,0,secom_pearson1
p__Sumerlaeota,p__Caldatribacteriota,0.8596,0.003,secom_pearson1
p__Sva0485,p__Caldatribacteriota,0.838,0.0013,secom_pearson1
p__Thermoplasmatota,p__Caldatribacteriota,0.9554,0,secom_pearson1
p__Verrucomicrobiota,p__Caldatribacteriota,-0.8403,0.0012,secom_pearson1
p__WOR_1,p__Caldatribacteriota,0.748,0.0328,secom_pearson1
p__WPS_2,p__Caldatribacteriota,-0.8046,0.016,secom_pearson1
p__WS1,p__Caldatribacteriota,0.9191,5e-04,secom_pearson1
p__WS2,p__Caldatribacteriota,0.9344,2e-04,secom_pearson1
p__Zixibacteria,p__Caldatribacteriota,0.9409,0,secom_pearson1
p__Asgardarchaeota,p__Calditrichota,0.8971,1e-04,secom_pearson1
p__Bacteroidota,p__Calditrichota,-0.9152,0,secom_pearson1
p__Bdellovibrionota,p__Calditrichota,-0.8496,5e-04,secom_pearson1
p__Caldatribacteriota,p__Calditrichota,0.8309,0.0015,secom_pearson1
p__Cloacimonadota,p__Calditrichota,0.8183,0.0011,secom_pearson1
p__Cyanobacteria,p__Calditrichota,-0.7011,0.0111,secom_pearson1
p__Dependentiae,p__Calditrichota,0.9531,0,secom_pearson1
p__Diatomea,p__Calditrichota,-0.8264,9e-04,secom_pearson1
p__Fermentibacterota,p__Calditrichota,0.7428,0.0057,secom_pearson1
p__Latescibacterota,p__Calditrichota,0.6283,0.0287,secom_pearson1
p__LCP_89,p__Calditrichota,0.8733,2e-04,secom_pearson1
p__Myxococcota,p__Calditrichota,-0.689,0.0132,secom_pearson1
p__Nanoarchaeota,p__Calditrichota,0.8494,5e-04,secom_pearson1
p__NB1_j,p__Calditrichota,-0.9536,0,secom_pearson1
p__Nitrospinota,p__Calditrichota,-0.734,0.0066,secom_pearson1
p__Nitrospirota,p__Calditrichota,-0.9199,0,secom_pearson1
p__NKB15,p__Calditrichota,0.9216,4e-04,secom_pearson1
p__PAUC34f,p__Calditrichota,0.8129,0.0013,secom_pearson1
p__Planctomycetota,p__Calditrichota,-0.8156,0.0012,secom_pearson1
p__Proteobacteria,p__Calditrichota,-0.9583,0,secom_pearson1
p__Verrucomicrobiota,p__Calditrichota,-0.977,0,secom_pearson1
p__WPS_2,p__Calditrichota,-0.9243,4e-04,secom_pearson1
p__Asgardarchaeota,p__Campilobacterota,-0.6062,0.0367,secom_pearson1
p__Cloacimonadota,p__Campilobacterota,-0.6167,0.0327,secom_pearson1
p__Desulfobacterota,p__Campilobacterota,-0.6609,0.0193,secom_pearson1
p__Diatomea,p__Campilobacterota,0.6383,0.0255,secom_pearson1
p__Gemmatimonadota,p__Campilobacterota,-0.632,0.0275,secom_pearson1
p__Hydrogenedentes,p__Campilobacterota,-0.8213,0.0011,secom_pearson1
p__Latescibacterota,p__Campilobacterota,-0.7339,0.0066,secom_pearson1
p__Nanoarchaeota,p__Campilobacterota,-0.6422,0.0243,secom_pearson1
p__Patescibacteria,p__Campilobacterota,-0.6023,0.0382,secom_pearson1
p__Proteobacteria,p__Campilobacterota,0.6024,0.0382,secom_pearson1
p__Spirochaetota,p__Campilobacterota,-0.6218,0.0309,secom_pearson1
p__Sumerlaeota,p__Campilobacterota,-0.6475,0.043,secom_pearson1
p__Sva0485,p__Campilobacterota,-0.6562,0.0205,secom_pearson1
p__Asgardarchaeota,p__Chloroflexi,0.9825,0,secom_pearson1
p__Bacteroidota,p__Chloroflexi,-0.8354,7e-04,secom_pearson1
p__Bdellovibrionota,p__Chloroflexi,-0.9086,0,secom_pearson1
p__Caldatribacteriota,p__Chloroflexi,0.9694,0,secom_pearson1
p__Cloacimonadota,p__Chloroflexi,0.9762,0,secom_pearson1
p__Crenarchaeota,p__Chloroflexi,-0.6237,0.0302,secom_pearson1
p__Cyanobacteria,p__Chloroflexi,-0.8295,8e-04,secom_pearson1
p__Dependentiae,p__Chloroflexi,0.7876,0.0024,secom_pearson1
p__Desulfobacterota,p__Chloroflexi,0.6387,0.0254,secom_pearson1
p__Diatomea,p__Chloroflexi,-0.8069,0.0015,secom_pearson1
p__Fermentibacterota,p__Chloroflexi,0.9269,0,secom_pearson1
p__Hydrogenedentes,p__Chloroflexi,0.6673,0.0177,secom_pearson1
p__Latescibacterota,p__Chloroflexi,0.8817,1e-04,secom_pearson1
p__LCP_89,p__Chloroflexi,0.911,0,secom_pearson1
p__Myxococcota,p__Chloroflexi,-0.8691,2e-04,secom_pearson1
p__Nanoarchaeota,p__Chloroflexi,0.9873,0,secom_pearson1
p__NB1_j,p__Chloroflexi,-0.9538,0,secom_pearson1
p__Nitrospinota,p__Chloroflexi,-0.896,1e-04,secom_pearson1
p__Nitrospirota,p__Chloroflexi,-0.84,6e-04,secom_pearson1
p__NKB15,p__Chloroflexi,0.8484,0.0038,secom_pearson1
p__PAUC34f,p__Chloroflexi,0.8341,7e-04,secom_pearson1
p__Planctomycetota,p__Chloroflexi,-0.9117,0,secom_pearson1
p__Proteobacteria,p__Chloroflexi,-0.9185,0,secom_pearson1
p__Sva0485,p__Chloroflexi,0.7803,0.0028,secom_pearson1
p__Verrucomicrobiota,p__Chloroflexi,-0.9266,0,secom_pearson1
p__WPS_2,p__Chloroflexi,-0.882,0.0017,secom_pearson1
Not_Assigned,p__Cloacimonadota,0.8036,0.0016,secom_pearson1
p__Acetothermia,p__Cloacimonadota,0.7465,0.0209,secom_pearson1
p__Acidobacteriota,p__Cloacimonadota,0.693,0.0125,secom_pearson1
p__Actinobacteriota,p__Cloacimonadota,0.8984,1e-04,secom_pearson1
p__Asgardarchaeota,p__Cloacimonadota,0.9663,0,secom_pearson1
p__Bacteroidota,p__Cloacimonadota,-0.7374,0.0062,secom_pearson1
p__Bdellovibrionota,p__Cloacimonadota,-0.8619,3e-04,secom_pearson1
p__Caldatribacteriota,p__Cloacimonadota,0.9841,0,secom_pearson1
p__Calditrichota,p__Cloacimonadota,0.8183,0.0011,secom_pearson1
p__Campilobacterota,p__Cloacimonadota,-0.6167,0.0327,secom_pearson1
p__Chloroflexi,p__Cloacimonadota,0.9762,0,secom_pearson1
p__Crenarchaeota,p__Cloacimonadota,-0.7585,0.0042,secom_pearson1
p__Cyanobacteria,p__Cloacimonadota,-0.8197,0.0011,secom_pearson1
p__Dependentiae,p__Cloacimonadota,0.6688,0.0174,secom_pearson1
p__Desulfobacterota,p__Cloacimonadota,0.7728,0.0032,secom_pearson1
p__Diatomea,p__Cloacimonadota,-0.7578,0.0043,secom_pearson1
p__Elusimicrobiota,p__Cloacimonadota,0.8701,0.0011,secom_pearson1
p__Fermentibacterota,p__Cloacimonadota,0.9673,0,secom_pearson1
p__Gemmatimonadota,p__Cloacimonadota,0.8138,0.0013,secom_pearson1
p__Hydrogenedentes,p__Cloacimonadota,0.6898,0.013,secom_pearson1
p__Latescibacterota,p__Cloacimonadota,0.948,0,secom_pearson1
p__LCP_89,p__Cloacimonadota,0.8717,2e-04,secom_pearson1
p__Marinimicrobia_(SAR406_clade),p__Cloacimonadota,0.9521,0,secom_pearson1
p__Myxococcota,p__Cloacimonadota,-0.9089,0,secom_pearson1
p__Nanoarchaeota,p__Cloacimonadota,0.9886,0,secom_pearson1
p__NB1_j,p__Cloacimonadota,-0.8994,1e-04,secom_pearson1
p__Nitrospinota,p__Cloacimonadota,-0.9373,0,secom_pearson1
p__Nitrospirota,p__Cloacimonadota,-0.768,0.0035,secom_pearson1
p__NKB15,p__Cloacimonadota,0.7583,0.0179,secom_pearson1
p__Patescibacteria,p__Cloacimonadota,0.8144,0.0013,secom_pearson1
p__PAUC34f,p__Cloacimonadota,0.8245,0.001,secom_pearson1
p__Planctomycetota,p__Cloacimonadota,-0.8991,1e-04,secom_pearson1
p__Proteobacteria,p__Cloacimonadota,-0.8357,7e-04,secom_pearson1
p__Spirochaetota,p__Cloacimonadota,0.9058,0,secom_pearson1
p__Sumerlaeota,p__Cloacimonadota,0.8302,0.0029,secom_pearson1
p__Sva0485,p__Cloacimonadota,0.8869,1e-04,secom_pearson1
p__Thermoplasmatota,p__Cloacimonadota,0.9639,0,secom_pearson1
p__Verrucomicrobiota,p__Cloacimonadota,-0.8415,6e-04,secom_pearson1
p__WOR_1,p__Cloacimonadota,0.7874,0.0118,secom_pearson1
p__WPS_2,p__Cloacimonadota,-0.7583,0.0179,secom_pearson1
p__WS1,p__Cloacimonadota,0.9321,3e-04,secom_pearson1
p__WS2,p__Cloacimonadota,0.8357,0.005,secom_pearson1
p__Zixibacteria,p__Cloacimonadota,0.9459,0,secom_pearson1
p__Asgardarchaeota,p__Crenarchaeota,-0.6139,0.0337,secom_pearson1
p__Caldatribacteriota,p__Crenarchaeota,-0.6647,0.0257,secom_pearson1
p__Chloroflexi,p__Crenarchaeota,-0.6237,0.0302,secom_pearson1
p__Cloacimonadota,p__Crenarchaeota,-0.7585,0.0042,secom_pearson1
p__Desulfobacterota,p__Crenarchaeota,-0.9185,0,secom_pearson1
p__Fermentibacterota,p__Crenarchaeota,-0.8166,0.0012,secom_pearson1
p__Latescibacterota,p__Crenarchaeota,-0.8789,2e-04,secom_pearson1
p__Myxococcota,p__Crenarchaeota,0.7812,0.0027,secom_pearson1
p__Nanoarchaeota,p__Crenarchaeota,-0.7064,0.0102,secom_pearson1
p__Nitrospinota,p__Crenarchaeota,0.7293,0.0071,secom_pearson1
p__Planctomycetota,p__Crenarchaeota,0.6345,0.0267,secom_pearson1
p__Spirochaetota,p__Crenarchaeota,-0.6992,0.0114,secom_pearson1
p__Sva0485,p__Crenarchaeota,-0.9321,0,secom_pearson1
p__Thermoplasmatota,p__Crenarchaeota,-0.5891,0.0439,secom_pearson1
p__WS1,p__Crenarchaeota,0.7578,0.018,secom_pearson1
Not_Assigned,p__Cyanobacteria,-0.694,0.0123,secom_pearson1
p__Acetothermia,p__Cyanobacteria,-0.9121,6e-04,secom_pearson1
p__Actinobacteriota,p__Cyanobacteria,-0.778,0.0029,secom_pearson1
p__Asgardarchaeota,p__Cyanobacteria,-0.7734,0.0032,secom_pearson1
p__Bacteroidota,p__Cyanobacteria,0.7303,0.007,secom_pearson1
p__Bdellovibrionota,p__Cyanobacteria,0.7636,0.0039,secom_pearson1
p__Caldatribacteriota,p__Cyanobacteria,-0.8632,6e-04,secom_pearson1
p__Calditrichota,p__Cyanobacteria,-0.7011,0.0111,secom_pearson1
p__Chloroflexi,p__Cyanobacteria,-0.8295,8e-04,secom_pearson1
p__Cloacimonadota,p__Cyanobacteria,-0.8197,0.0011,secom_pearson1
p__Desulfobacterota,p__Cyanobacteria,-0.637,0.0259,secom_pearson1
p__Elusimicrobiota,p__Cyanobacteria,-0.8113,0.0044,secom_pearson1
p__Fermentibacterota,p__Cyanobacteria,-0.7418,0.0057,secom_pearson1
p__Gemmatimonadota,p__Cyanobacteria,-0.8978,1e-04,secom_pearson1
p__Hydrogenedentes,p__Cyanobacteria,-0.8366,7e-04,secom_pearson1
p__Latescibacterota,p__Cyanobacteria,-0.7815,0.0027,secom_pearson1
p__LCP_89,p__Cyanobacteria,-0.7707,0.0033,secom_pearson1
p__Marinimicrobia_(SAR406_clade),p__Cyanobacteria,-0.8457,5e-04,secom_pearson1
p__Myxococcota,p__Cyanobacteria,0.7682,0.0035,secom_pearson1
p__Nanoarchaeota,p__Cyanobacteria,-0.8549,4e-04,secom_pearson1
p__NB1_j,p__Cyanobacteria,0.7852,0.0025,secom_pearson1
p__Nitrospinota,p__Cyanobacteria,0.7388,0.0061,secom_pearson1
p__Patescibacteria,p__Cyanobacteria,-0.6756,0.0159,secom_pearson1
p__PAUC34f,p__Cyanobacteria,-0.6762,0.0158,secom_pearson1
p__Planctomycetota,p__Cyanobacteria,0.682,0.0146,secom_pearson1
p__Proteobacteria,p__Cyanobacteria,0.7076,0.01,secom_pearson1
p__Spirochaetota,p__Cyanobacteria,-0.8878,1e-04,secom_pearson1
p__Sumerlaeota,p__Cyanobacteria,-0.9058,3e-04,secom_pearson1
p__Sva0485,p__Cyanobacteria,-0.7164,0.0088,secom_pearson1
p__Thermoplasmatota,p__Cyanobacteria,-0.8072,0.0015,secom_pearson1
p__Verrucomicrobiota,p__Cyanobacteria,0.7668,0.0036,secom_pearson1
p__WPS_2,p__Cyanobacteria,0.857,0.0032,secom_pearson1
p__WS2,p__Cyanobacteria,-0.8668,0.0025,secom_pearson1
p__Zixibacteria,p__Cyanobacteria,-0.8447,5e-04,secom_pearson1
Not_Assigned,p__Dependentiae,0.9673,0,secom_pearson1
p__Acidobacteriota,p__Dependentiae,0.9203,0,secom_pearson1
p__Actinobacteriota,p__Dependentiae,0.85,5e-04,secom_pearson1
p__Asgardarchaeota,p__Dependentiae,0.7986,0.0018,secom_pearson1
p__Bacteroidota,p__Dependentiae,-0.8715,2e-04,secom_pearson1
p__Bdellovibrionota,p__Dependentiae,-0.7145,0.009,secom_pearson1
p__Caldatribacteriota,p__Dependentiae,0.7567,0.007,secom_pearson1
p__Calditrichota,p__Dependentiae,0.9531,0,secom_pearson1
p__Chloroflexi,p__Dependentiae,0.7876,0.0024,secom_pearson1
p__Cloacimonadota,p__Dependentiae,0.6688,0.0174,secom_pearson1
p__Diatomea,p__Dependentiae,-0.8329,8e-04,secom_pearson1
p__Elusimicrobiota,p__Dependentiae,0.9374,1e-04,secom_pearson1
p__Fermentibacterota,p__Dependentiae,0.6014,0.0386,secom_pearson1
p__Gemmatimonadota,p__Dependentiae,0.7274,0.0073,secom_pearson1
p__Halobacterota,p__Dependentiae,0.8466,5e-04,secom_pearson1
p__LCP_89,p__Dependentiae,0.7473,0.0052,secom_pearson1
p__Marinimicrobia_(SAR406_clade),p__Dependentiae,0.7863,0.0024,secom_pearson1
p__Nanoarchaeota,p__Dependentiae,0.7114,0.0095,secom_pearson1
p__NB1_j,p__Dependentiae,-0.8436,6e-04,secom_pearson1
p__Nitrospirota,p__Dependentiae,-0.8938,1e-04,secom_pearson1
p__NKB15,p__Dependentiae,0.8866,0.0014,secom_pearson1
p__Patescibacteria,p__Dependentiae,0.8334,8e-04,secom_pearson1
p__PAUC34f,p__Dependentiae,0.7795,0.0028,secom_pearson1
p__Planctomycetota,p__Dependentiae,-0.6526,0.0214,secom_pearson1
p__Proteobacteria,p__Dependentiae,-0.9119,0,secom_pearson1
p__Thermoplasmatota,p__Dependentiae,0.8124,0.0013,secom_pearson1
p__Verrucomicrobiota,p__Dependentiae,-0.8913,1e-04,secom_pearson1
p__WOR_1,p__Dependentiae,0.8016,0.0094,secom_pearson1
p__WPS_2,p__Dependentiae,-0.7983,0.0099,secom_pearson1
p__WS1,p__Dependentiae,0.9058,8e-04,secom_pearson1
p__Zixibacteria,p__Dependentiae,0.815,0.0012,secom_pearson1
p__Asgardarchaeota,p__Desulfobacterota,0.651,0.0219,secom_pearson1
p__Bdellovibrionota,p__Desulfobacterota,-0.5878,0.0445,secom_pearson1
p__Caldatribacteriota,p__Desulfobacterota,0.6957,0.0174,secom_pearson1
p__Campilobacterota,p__Desulfobacterota,-0.6609,0.0193,secom_pearson1
p__Chloroflexi,p__Desulfobacterota,0.6387,0.0254,secom_pearson1
p__Cloacimonadota,p__Desulfobacterota,0.7728,0.0032,secom_pearson1
p__Crenarchaeota,p__Desulfobacterota,-0.9185,0,secom_pearson1
p__Cyanobacteria,p__Desulfobacterota,-0.637,0.0259,secom_pearson1
p__Fermentibacterota,p__Desulfobacterota,0.7806,0.0027,secom_pearson1
p__Hydrogenedentes,p__Desulfobacterota,0.7165,0.0087,secom_pearson1
p__Latescibacterota,p__Desulfobacterota,0.8903,1e-04,secom_pearson1
p__Marinimicrobia_(SAR406_clade),p__Desulfobacterota,0.5947,0.0414,secom_pearson1
p__Myxococcota,p__Desulfobacterota,-0.7252,0.0076,secom_pearson1
p__Nanoarchaeota,p__Desulfobacterota,0.7239,0.0078,secom_pearson1
p__Nitrospinota,p__Desulfobacterota,-0.799,0.0018,secom_pearson1
p__Spirochaetota,p__Desulfobacterota,0.8025,0.0017,secom_pearson1
p__Sva0485,p__Desulfobacterota,0.9648,0,secom_pearson1
p__Thermoplasmatota,p__Desulfobacterota,0.5989,0.0396,secom_pearson1
Not_Assigned,p__Diatomea,-0.8518,4e-04,secom_pearson1
p__Acidobacteriota,p__Diatomea,-0.8725,2e-04,secom_pearson1
p__Actinobacteriota,p__Diatomea,-0.797,0.0019,secom_pearson1
p__Asgardarchaeota,p__Diatomea,-0.8251,0.001,secom_pearson1
p__Bacteroidota,p__Diatomea,0.6689,0.0174,secom_pearson1
p__Bdellovibrionota,p__Diatomea,0.7384,0.0061,secom_pearson1
p__Caldatribacteriota,p__Diatomea,-0.7423,0.0089,secom_pearson1
p__Calditrichota,p__Diatomea,-0.8264,9e-04,secom_pearson1
p__Campilobacterota,p__Diatomea,0.6383,0.0255,secom_pearson1
p__Chloroflexi,p__Diatomea,-0.8069,0.0015,secom_pearson1
p__Cloacimonadota,p__Diatomea,-0.7578,0.0043,secom_pearson1
p__Dependentiae,p__Diatomea,-0.8329,8e-04,secom_pearson1
p__Elusimicrobiota,p__Diatomea,-0.7865,0.007,secom_pearson1
p__Fermentibacterota,p__Diatomea,-0.6896,0.0131,secom_pearson1
p__Gemmatimonadota,p__Diatomea,-0.6877,0.0135,secom_pearson1
p__Halobacterota,p__Diatomea,-0.7421,0.0057,secom_pearson1
p__Latescibacterota,p__Diatomea,-0.6435,0.024,secom_pearson1
p__LCP_89,p__Diatomea,-0.7753,0.003,secom_pearson1
p__Marinimicrobia_(SAR406_clade),p__Diatomea,-0.7682,0.0035,secom_pearson1
p__Myxococcota,p__Diatomea,0.6575,0.0201,secom_pearson1
p__Nanoarchaeota,p__Diatomea,-0.7662,0.0037,secom_pearson1
p__NB1_j,p__Diatomea,0.7996,0.0018,secom_pearson1
p__Nitrospinota,p__Diatomea,0.6014,0.0386,secom_pearson1
p__Nitrospirota,p__Diatomea,0.8811,2e-04,secom_pearson1
p__NKB15,p__Diatomea,-0.7448,0.0213,secom_pearson1
p__Patescibacteria,p__Diatomea,-0.8768,2e-04,secom_pearson1
p__PAUC34f,p__Diatomea,-0.7211,0.0081,secom_pearson1
p__Planctomycetota,p__Diatomea,0.6008,0.0388,secom_pearson1
p__Proteobacteria,p__Diatomea,0.9024,1e-04,secom_pearson1
p__SAR324_clade(Marine_group_B),p__Diatomea,0.742,0.0089,secom_pearson1
p__Spirochaetota,p__Diatomea,-0.581,0.0476,secom_pearson1
p__Thermoplasmatota,p__Diatomea,-0.8425,6e-04,secom_pearson1
p__Verrucomicrobiota,p__Diatomea,0.8075,0.0015,secom_pearson1
p__WPS_2,p__Diatomea,0.8406,0.0045,secom_pearson1
p__WS1,p__Diatomea,-0.7305,0.0254,secom_pearson1
p__Zixibacteria,p__Diatomea,-0.8024,0.0017,secom_pearson1
p__Asgardarchaeota,p__Elusimicrobiota,0.9279,1e-04,secom_pearson1
p__Bacteroidota,p__Elusimicrobiota,-0.9318,1e-04,secom_pearson1
p__Bdellovibrionota,p__Elusimicrobiota,-0.886,6e-04,secom_pearson1
p__Caldatribacteriota,p__Elusimicrobiota,0.8645,0.0012,secom_pearson1
p__Cloacimonadota,p__Elusimicrobiota,0.8701,0.0011,secom_pearson1
p__Cyanobacteria,p__Elusimicrobiota,-0.8113,0.0044,secom_pearson1
p__Dependentiae,p__Elusimicrobiota,0.9374,1e-04,secom_pearson1
p__Diatomea,p__Elusimicrobiota,-0.7865,0.007,secom_pearson1
p__Fermentibacterota,p__Elusimicrobiota,0.7969,0.0058,secom_pearson1
p__Latescibacterota,p__Elusimicrobiota,0.735,0.0154,secom_pearson1
p__LCP_89,p__Elusimicrobiota,0.8599,0.0014,secom_pearson1
p__Myxococcota,p__Elusimicrobiota,-0.7865,0.007,secom_pearson1
p__Nanoarchaeota,p__Elusimicrobiota,0.9039,3e-04,secom_pearson1
p__NB1_j,p__Elusimicrobiota,-0.9244,1e-04,secom_pearson1
p__Nitrospinota,p__Elusimicrobiota,-0.7176,0.0195,secom_pearson1
p__Nitrospirota,p__Elusimicrobiota,-0.8466,0.002,secom_pearson1
p__NKB15,p__Elusimicrobiota,0.8732,0.0021,secom_pearson1
p__PAUC34f,p__Elusimicrobiota,0.7503,0.0124,secom_pearson1
p__Planctomycetota,p__Elusimicrobiota,-0.8162,0.004,secom_pearson1
p__Proteobacteria,p__Elusimicrobiota,-0.9475,0,secom_pearson1
p__Verrucomicrobiota,p__Elusimicrobiota,-0.9538,0,secom_pearson1
p__WPS_2,p__Elusimicrobiota,-0.9281,0.0026,secom_pearson1
Not_Assigned,p__Fermentibacterota,0.7327,0.0067,secom_pearson1
p__Acidobacteriota,p__Fermentibacterota,0.6186,0.032,secom_pearson1
p__Actinobacteriota,p__Fermentibacterota,0.8232,0.001,secom_pearson1
p__Asgardarchaeota,p__Fermentibacterota,0.9335,0,secom_pearson1
p__Bacteroidota,p__Fermentibacterota,-0.6531,0.0213,secom_pearson1
p__Bdellovibrionota,p__Fermentibacterota,-0.7794,0.0028,secom_pearson1
p__Caldatribacteriota,p__Fermentibacterota,0.938,0,secom_pearson1
p__Calditrichota,p__Fermentibacterota,0.7428,0.0057,secom_pearson1
p__Chloroflexi,p__Fermentibacterota,0.9269,0,secom_pearson1
p__Cloacimonadota,p__Fermentibacterota,0.9673,0,secom_pearson1
p__Crenarchaeota,p__Fermentibacterota,-0.8166,0.0012,secom_pearson1
p__Cyanobacteria,p__Fermentibacterota,-0.7418,0.0057,secom_pearson1
p__Dependentiae,p__Fermentibacterota,0.6014,0.0386,secom_pearson1
p__Desulfobacterota,p__Fermentibacterota,0.7806,0.0027,secom_pearson1
p__Diatomea,p__Fermentibacterota,-0.6896,0.0131,secom_pearson1
p__Elusimicrobiota,p__Fermentibacterota,0.7969,0.0058,secom_pearson1
p__Gemmatimonadota,p__Fermentibacterota,0.6805,0.0149,secom_pearson1
p__Latescibacterota,p__Fermentibacterota,0.9482,0,secom_pearson1
p__LCP_89,p__Fermentibacterota,0.7438,0.0055,secom_pearson1
p__Marinimicrobia_(SAR406_clade),p__Fermentibacterota,0.8791,2e-04,secom_pearson1
p__Myxococcota,p__Fermentibacterota,-0.8628,3e-04,secom_pearson1
p__Nanoarchaeota,p__Fermentibacterota,0.9521,0,secom_pearson1
p__NB1_j,p__Fermentibacterota,-0.8099,0.0014,secom_pearson1
p__Nitrospinota,p__Fermentibacterota,-0.9216,0,secom_pearson1
p__Nitrospirota,p__Fermentibacterota,-0.7215,0.0081,secom_pearson1
p__NKB15,p__Fermentibacterota,0.7432,0.0217,secom_pearson1
p__Patescibacteria,p__Fermentibacterota,0.7818,0.0027,secom_pearson1
p__PAUC34f,p__Fermentibacterota,0.8017,0.0017,secom_pearson1
p__Planctomycetota,p__Fermentibacterota,-0.8962,1e-04,secom_pearson1
p__Proteobacteria,p__Fermentibacterota,-0.7379,0.0062,secom_pearson1
p__Spirochaetota,p__Fermentibacterota,0.8199,0.0011,secom_pearson1
p__Sumerlaeota,p__Fermentibacterota,0.6917,0.0267,secom_pearson1
p__Sva0485,p__Fermentibacterota,0.9108,0,secom_pearson1
p__Thermoplasmatota,p__Fermentibacterota,0.9054,1e-04,secom_pearson1
p__Verrucomicrobiota,p__Fermentibacterota,-0.7372,0.0062,secom_pearson1
p__WOR_1,p__Fermentibacterota,0.8077,0.0085,secom_pearson1
p__WS1,p__Fermentibacterota,0.9001,9e-04,secom_pearson1
p__WS2,p__Fermentibacterota,0.6852,0.0417,secom_pearson1
p__Zixibacteria,p__Fermentibacterota,0.8812,2e-04,secom_pearson1
p__Fusobacteriota,p__Firmicutes,0.6988,0.0115,secom_pearson1
p__LCP_89,p__Firmicutes,0.5825,0.0469,secom_pearson1
p__NKB15,p__Firmicutes,0.7334,0.0245,secom_pearson1
p__Firmicutes,p__Fusobacteriota,0.6988,0.0115,secom_pearson1
p__Halobacterota,p__Fusobacteriota,0.7256,0.0076,secom_pearson1
p__NKB15,p__Fusobacteriota,0.745,0.0213,secom_pearson1
p__Asgardarchaeota,p__Gemmatimonadota,0.8301,8e-04,secom_pearson1
p__Bacteroidota,p__Gemmatimonadota,-0.871,2e-04,secom_pearson1
p__Bdellovibrionota,p__Gemmatimonadota,-0.82,0.0011,secom_pearson1
p__Caldatribacteriota,p__Gemmatimonadota,0.8399,0.0012,secom_pearson1
p__Campilobacterota,p__Gemmatimonadota,-0.632,0.0275,secom_pearson1
p__Cloacimonadota,p__Gemmatimonadota,0.8138,0.0013,secom_pearson1
p__Cyanobacteria,p__Gemmatimonadota,-0.8978,1e-04,secom_pearson1
p__Dependentiae,p__Gemmatimonadota,0.7274,0.0073,secom_pearson1
p__Diatomea,p__Gemmatimonadota,-0.6877,0.0135,secom_pearson1
p__Fermentibacterota,p__Gemmatimonadota,0.6805,0.0149,secom_pearson1
p__Hydrogenedentes,p__Gemmatimonadota,0.8138,0.0013,secom_pearson1
p__Latescibacterota,p__Gemmatimonadota,0.7219,0.008,secom_pearson1
p__LCP_89,p__Gemmatimonadota,0.8312,8e-04,secom_pearson1
p__Myxococcota,p__Gemmatimonadota,-0.7555,0.0045,secom_pearson1
p__Nanoarchaeota,p__Gemmatimonadota,0.8448,5e-04,secom_pearson1
p__NB1_j,p__Gemmatimonadota,-0.8459,5e-04,secom_pearson1
p__Nitrospinota,p__Gemmatimonadota,-0.696,0.0119,secom_pearson1
p__Nitrospirota,p__Gemmatimonadota,-0.6352,0.0265,secom_pearson1
p__PAUC34f,p__Gemmatimonadota,0.7356,0.0064,secom_pearson1
p__Planctomycetota,p__Gemmatimonadota,-0.6258,0.0295,secom_pearson1
p__Proteobacteria,p__Gemmatimonadota,-0.8531,4e-04,secom_pearson1
p__Sva0485,p__Gemmatimonadota,0.6038,0.0376,secom_pearson1
p__Verrucomicrobiota,p__Gemmatimonadota,-0.8834,1e-04,secom_pearson1
p__WPS_2,p__Gemmatimonadota,-0.8763,0.0019,secom_pearson1
p__Asgardarchaeota,p__Halobacterota,0.6367,0.026,secom_pearson1
p__Bacteroidota,p__Halobacterota,-0.6569,0.0203,secom_pearson1
p__Bdellovibrionota,p__Halobacterota,-0.6596,0.0196,secom_pearson1
p__Dependentiae,p__Halobacterota,0.8466,5e-04,secom_pearson1
p__Diatomea,p__Halobacterota,-0.7421,0.0057,secom_pearson1
p__Fusobacteriota,p__Halobacterota,0.7256,0.0076,secom_pearson1
p__LCP_89,p__Halobacterota,0.6793,0.0151,secom_pearson1
p__NB1_j,p__Halobacterota,-0.7452,0.0054,secom_pearson1
p__Nitrospirota,p__Halobacterota,-0.9005,1e-04,secom_pearson1
p__NKB15,p__Halobacterota,0.9084,7e-04,secom_pearson1
p__Planctomycetota,p__Halobacterota,-0.6169,0.0326,secom_pearson1
p__Proteobacteria,p__Halobacterota,-0.7903,0.0022,secom_pearson1
p__Verrucomicrobiota,p__Halobacterota,-0.7917,0.0021,secom_pearson1
p__WPS_2,p__Halobacterota,-0.7934,0.0107,secom_pearson1
p__Acetothermia,p__Hydrogenedentes,0.687,0.0409,secom_pearson1
p__Actinobacteriota,p__Hydrogenedentes,0.6426,0.0242,secom_pearson1
p__Asgardarchaeota,p__Hydrogenedentes,0.6501,0.0221,secom_pearson1
p__Bdellovibrionota,p__Hydrogenedentes,-0.6798,0.015,secom_pearson1
p__Caldatribacteriota,p__Hydrogenedentes,0.679,0.0216,secom_pearson1
p__Campilobacterota,p__Hydrogenedentes,-0.8213,0.0011,secom_pearson1
p__Chloroflexi,p__Hydrogenedentes,0.6673,0.0177,secom_pearson1
p__Cloacimonadota,p__Hydrogenedentes,0.6898,0.013,secom_pearson1
p__Cyanobacteria,p__Hydrogenedentes,-0.8366,7e-04,secom_pearson1
p__Desulfobacterota,p__Hydrogenedentes,0.7165,0.0087,secom_pearson1
p__Gemmatimonadota,p__Hydrogenedentes,0.8138,0.0013,secom_pearson1
p__Latescibacterota,p__Hydrogenedentes,0.7209,0.0082,secom_pearson1
p__LCP_89,p__Hydrogenedentes,0.7223,0.008,secom_pearson1
p__Marinimicrobia_(SAR406_clade),p__Hydrogenedentes,0.6794,0.0151,secom_pearson1
p__Myxococcota,p__Hydrogenedentes,-0.577,0.0495,secom_pearson1
p__Nanoarchaeota,p__Hydrogenedentes,0.7135,0.0092,secom_pearson1
p__Nitrospinota,p__Hydrogenedentes,-0.6367,0.026,secom_pearson1
p__Patescibacteria,p__Hydrogenedentes,0.6316,0.0276,secom_pearson1
p__Proteobacteria,p__Hydrogenedentes,-0.6274,0.029,secom_pearson1
p__Spirochaetota,p__Hydrogenedentes,0.8232,0.001,secom_pearson1
p__Sumerlaeota,p__Hydrogenedentes,0.8634,0.0013,secom_pearson1
p__Sva0485,p__Hydrogenedentes,0.6923,0.0126,secom_pearson1
p__Thermoplasmatota,p__Hydrogenedentes,0.6525,0.0214,secom_pearson1
p__Verrucomicrobiota,p__Hydrogenedentes,-0.5777,0.0491,secom_pearson1
p__Zixibacteria,p__Hydrogenedentes,0.6623,0.019,secom_pearson1
Not_Assigned,p__Latescibacterota,0.6294,0.0283,secom_pearson1
p__Acetothermia,p__Latescibacterota,0.7839,0.0124,secom_pearson1
p__Actinobacteriota,p__Latescibacterota,0.7797,0.0028,secom_pearson1
p__Asgardarchaeota,p__Latescibacterota,0.8833,1e-04,secom_pearson1
p__Bacteroidota,p__Latescibacterota,-0.5912,0.0429,secom_pearson1
p__Bdellovibrionota,p__Latescibacterota,-0.7697,0.0034,secom_pearson1
p__Caldatribacteriota,p__Latescibacterota,0.9311,0,secom_pearson1
p__Calditrichota,p__Latescibacterota,0.6283,0.0287,secom_pearson1
p__Campilobacterota,p__Latescibacterota,-0.7339,0.0066,secom_pearson1
p__Chloroflexi,p__Latescibacterota,0.8817,1e-04,secom_pearson1
p__Cloacimonadota,p__Latescibacterota,0.948,0,secom_pearson1
p__Crenarchaeota,p__Latescibacterota,-0.8789,2e-04,secom_pearson1
p__Cyanobacteria,p__Latescibacterota,-0.7815,0.0027,secom_pearson1
p__Desulfobacterota,p__Latescibacterota,0.8903,1e-04,secom_pearson1
p__Diatomea,p__Latescibacterota,-0.6435,0.024,secom_pearson1
p__Elusimicrobiota,p__Latescibacterota,0.735,0.0154,secom_pearson1
p__Fermentibacterota,p__Latescibacterota,0.9482,0,secom_pearson1
p__Gemmatimonadota,p__Latescibacterota,0.7219,0.008,secom_pearson1
p__Hydrogenedentes,p__Latescibacterota,0.7209,0.0082,secom_pearson1
p__LCP_89,p__Latescibacterota,0.7261,0.0075,secom_pearson1
p__Marinimicrobia_(SAR406_clade),p__Latescibacterota,0.846,5e-04,secom_pearson1
p__Myxococcota,p__Latescibacterota,-0.8748,2e-04,secom_pearson1
p__Nanoarchaeota,p__Latescibacterota,0.9382,0,secom_pearson1
p__NB1_j,p__Latescibacterota,-0.7296,0.0071,secom_pearson1
p__Nitrospinota,p__Latescibacterota,-0.8727,2e-04,secom_pearson1
p__Patescibacteria,p__Latescibacterota,0.7296,0.0071,secom_pearson1
p__PAUC34f,p__Latescibacterota,0.6903,0.013,secom_pearson1
p__Planctomycetota,p__Latescibacterota,-0.7871,0.0024,secom_pearson1
p__Proteobacteria,p__Latescibacterota,-0.6979,0.0116,secom_pearson1
p__Spirochaetota,p__Latescibacterota,0.8855,1e-04,secom_pearson1
p__Sumerlaeota,p__Latescibacterota,0.7634,0.0102,secom_pearson1
p__Sva0485,p__Latescibacterota,0.9641,0,secom_pearson1
p__Thermoplasmatota,p__Latescibacterota,0.8574,4e-04,secom_pearson1
p__Verrucomicrobiota,p__Latescibacterota,-0.6711,0.0169,secom_pearson1
p__WOR_1,p__Latescibacterota,0.6799,0.0439,secom_pearson1
p__WS2,p__Latescibacterota,0.8071,0.0085,secom_pearson1
p__Zixibacteria,p__Latescibacterota,0.8328,8e-04,secom_pearson1
Not_Assigned,p__LCP_89,0.8265,9e-04,secom_pearson1
p__Acidobacteriota,p__LCP_89,0.7654,0.0037,secom_pearson1
p__Actinobacteriota,p__LCP_89,0.9089,0,secom_pearson1
p__Asgardarchaeota,p__LCP_89,0.8632,3e-04,secom_pearson1
p__Bacteroidota,p__LCP_89,-0.7553,0.0045,secom_pearson1
p__Bdellovibrionota,p__LCP_89,-0.8925,1e-04,secom_pearson1
p__Caldatribacteriota,p__LCP_89,0.8522,9e-04,secom_pearson1
p__Calditrichota,p__LCP_89,0.8733,2e-04,secom_pearson1
p__Chloroflexi,p__LCP_89,0.911,0,secom_pearson1
p__Cloacimonadota,p__LCP_89,0.8717,2e-04,secom_pearson1
p__Cyanobacteria,p__LCP_89,-0.7707,0.0033,secom_pearson1
p__Dependentiae,p__LCP_89,0.7473,0.0052,secom_pearson1
p__Diatomea,p__LCP_89,-0.7753,0.003,secom_pearson1
p__Elusimicrobiota,p__LCP_89,0.8599,0.0014,secom_pearson1
p__Fermentibacterota,p__LCP_89,0.7438,0.0055,secom_pearson1
p__Firmicutes,p__LCP_89,0.5825,0.0469,secom_pearson1
p__Gemmatimonadota,p__LCP_89,0.8312,8e-04,secom_pearson1
p__Halobacterota,p__LCP_89,0.6793,0.0151,secom_pearson1
p__Hydrogenedentes,p__LCP_89,0.7223,0.008,secom_pearson1
p__Latescibacterota,p__LCP_89,0.7261,0.0075,secom_pearson1
p__Marinimicrobia_(SAR406_clade),p__LCP_89,0.9222,0,secom_pearson1
p__Myxococcota,p__LCP_89,-0.7643,0.0038,secom_pearson1
p__Nanoarchaeota,p__LCP_89,0.8714,2e-04,secom_pearson1
p__NB1_j,p__LCP_89,-0.9344,0,secom_pearson1
p__Nitrospinota,p__LCP_89,-0.8451,5e-04,secom_pearson1
p__Nitrospirota,p__LCP_89,-0.8172,0.0012,secom_pearson1
p__NKB15,p__LCP_89,0.7835,0.0125,secom_pearson1
p__Patescibacteria,p__LCP_89,0.8076,0.0015,secom_pearson1
p__PAUC34f,p__LCP_89,0.7528,0.0047,secom_pearson1
p__Planctomycetota,p__LCP_89,-0.8145,0.0013,secom_pearson1
p__Proteobacteria,p__LCP_89,-0.8901,1e-04,secom_pearson1
p__SAR324_clade(Marine_group_B),p__LCP_89,-0.6178,0.0428,secom_pearson1
p__Spirochaetota,p__LCP_89,0.8522,4e-04,secom_pearson1
p__Sumerlaeota,p__LCP_89,0.8089,0.0046,secom_pearson1
p__Sva0485,p__LCP_89,0.6385,0.0255,secom_pearson1
p__Thermoplasmatota,p__LCP_89,0.9235,0,secom_pearson1
p__Verrucomicrobiota,p__LCP_89,-0.9075,0,secom_pearson1
p__WOR_1,p__LCP_89,0.7862,0.012,secom_pearson1
p__WPS_2,p__LCP_89,-0.8884,0.0014,secom_pearson1
p__WS1,p__LCP_89,0.9014,9e-04,secom_pearson1
p__WS2,p__LCP_89,0.7324,0.0248,secom_pearson1
p__Zixibacteria,p__LCP_89,0.9144,0,secom_pearson1
p__Asgardarchaeota,p__Marinimicrobia_(SAR406_clade),0.9637,0,secom_pearson1
p__Bacteroidota,p__Marinimicrobia_(SAR406_clade),-0.8642,3e-04,secom_pearson1
p__Bdellovibrionota,p__Marinimicrobia_(SAR406_clade),-0.9115,0,secom_pearson1
p__Caldatribacteriota,p__Marinimicrobia_(SAR406_clade),0.9469,0,secom_pearson1
p__Cloacimonadota,p__Marinimicrobia_(SAR406_clade),0.9521,0,secom_pearson1
p__Cyanobacteria,p__Marinimicrobia_(SAR406_clade),-0.8457,5e-04,secom_pearson1
p__Dependentiae,p__Marinimicrobia_(SAR406_clade),0.7863,0.0024,secom_pearson1
p__Desulfobacterota,p__Marinimicrobia_(SAR406_clade),0.5947,0.0414,secom_pearson1
p__Diatomea,p__Marinimicrobia_(SAR406_clade),-0.7682,0.0035,secom_pearson1
p__Fermentibacterota,p__Marinimicrobia_(SAR406_clade),0.8791,2e-04,secom_pearson1
p__Hydrogenedentes,p__Marinimicrobia_(SAR406_clade),0.6794,0.0151,secom_pearson1
p__Latescibacterota,p__Marinimicrobia_(SAR406_clade),0.846,5e-04,secom_pearson1
p__LCP_89,p__Marinimicrobia_(SAR406_clade),0.9222,0,secom_pearson1
p__Myxococcota,p__Marinimicrobia_(SAR406_clade),-0.8561,4e-04,secom_pearson1
p__Nanoarchaeota,p__Marinimicrobia_(SAR406_clade),0.9716,0,secom_pearson1
p__NB1_j,p__Marinimicrobia_(SAR406_clade),-0.9612,0,secom_pearson1
p__Nitrospinota,p__Marinimicrobia_(SAR406_clade),-0.8639,3e-04,secom_pearson1
p__Nitrospirota,p__Marinimicrobia_(SAR406_clade),-0.8153,0.0012,secom_pearson1
p__NKB15,p__Marinimicrobia_(SAR406_clade),0.8236,0.0064,secom_pearson1
p__PAUC34f,p__Marinimicrobia_(SAR406_clade),0.7926,0.0021,secom_pearson1
p__Planctomycetota,p__Marinimicrobia_(SAR406_clade),-0.9032,1e-04,secom_pearson1
p__Proteobacteria,p__Marinimicrobia_(SAR406_clade),-0.9249,0,secom_pearson1
p__Sva0485,p__Marinimicrobia_(SAR406_clade),0.7349,0.0065,secom_pearson1
p__Verrucomicrobiota,p__Marinimicrobia_(SAR406_clade),-0.9444,0,secom_pearson1
p__WPS_2,p__Marinimicrobia_(SAR406_clade),-0.9006,9e-04,secom_pearson1
Not_Assigned,p__Myxococcota,-0.6502,0.0221,secom_pearson1
p__Actinobacteriota,p__Myxococcota,-0.764,0.0038,secom_pearson1
p__Asgardarchaeota,p__Myxococcota,-0.8415,6e-04,secom_pearson1
p__Bacteroidota,p__Myxococcota,0.6362,0.0262,secom_pearson1
p__Bdellovibrionota,p__Myxococcota,0.8114,0.0014,secom_pearson1
p__Caldatribacteriota,p__Myxococcota,-0.876,4e-04,secom_pearson1
p__Calditrichota,p__Myxococcota,-0.689,0.0132,secom_pearson1
p__Chloroflexi,p__Myxococcota,-0.8691,2e-04,secom_pearson1
p__Cloacimonadota,p__Myxococcota,-0.9089,0,secom_pearson1
p__Crenarchaeota,p__Myxococcota,0.7812,0.0027,secom_pearson1
p__Cyanobacteria,p__Myxococcota,0.7682,0.0035,secom_pearson1
p__Desulfobacterota,p__Myxococcota,-0.7252,0.0076,secom_pearson1
p__Diatomea,p__Myxococcota,0.6575,0.0201,secom_pearson1
p__Elusimicrobiota,p__Myxococcota,-0.7865,0.007,secom_pearson1
p__Fermentibacterota,p__Myxococcota,-0.8628,3e-04,secom_pearson1
p__Gemmatimonadota,p__Myxococcota,-0.7555,0.0045,secom_pearson1
p__Hydrogenedentes,p__Myxococcota,-0.577,0.0495,secom_pearson1
p__Latescibacterota,p__Myxococcota,-0.8748,2e-04,secom_pearson1
p__LCP_89,p__Myxococcota,-0.7643,0.0038,secom_pearson1
p__Marinimicrobia_(SAR406_clade),p__Myxococcota,-0.8561,4e-04,secom_pearson1
p__Nanoarchaeota,p__Myxococcota,-0.8774,2e-04,secom_pearson1
p__NB1_j,p__Myxococcota,0.8303,8e-04,secom_pearson1
p__Nitrospinota,p__Myxococcota,0.8065,0.0015,secom_pearson1
p__Nitrospirota,p__Myxococcota,0.653,0.0213,secom_pearson1
p__Patescibacteria,p__Myxococcota,-0.6093,0.0355,secom_pearson1
p__PAUC34f,p__Myxococcota,-0.6955,0.012,secom_pearson1
p__Planctomycetota,p__Myxococcota,0.7987,0.0018,secom_pearson1
p__Proteobacteria,p__Myxococcota,0.704,0.0106,secom_pearson1
p__Spirochaetota,p__Myxococcota,-0.8793,2e-04,secom_pearson1
p__Sumerlaeota,p__Myxococcota,-0.734,0.0157,secom_pearson1
p__Sva0485,p__Myxococcota,-0.8063,0.0015,secom_pearson1
p__Thermoplasmatota,p__Myxococcota,-0.8643,3e-04,secom_pearson1
p__Verrucomicrobiota,p__Myxococcota,0.774,0.0031,secom_pearson1
p__WOR_1,p__Myxococcota,-0.6875,0.0407,secom_pearson1
p__WPS_2,p__Myxococcota,0.6974,0.0368,secom_pearson1
p__WS2,p__Myxococcota,-0.7039,0.0343,secom_pearson1
p__Zixibacteria,p__Myxococcota,-0.8513,4e-04,secom_pearson1
Not_Assigned,p__Nanoarchaeota,0.8462,5e-04,secom_pearson1
p__Acetothermia,p__Nanoarchaeota,0.8287,0.0058,secom_pearson1
p__Acidobacteriota,p__Nanoarchaeota,0.7144,0.009,secom_pearson1
p__Actinobacteriota,p__Nanoarchaeota,0.9317,0,secom_pearson1
p__Asgardarchaeota,p__Nanoarchaeota,0.972,0,secom_pearson1
p__Bacteroidota,p__Nanoarchaeota,-0.7925,0.0021,secom_pearson1
p__Bdellovibrionota,p__Nanoarchaeota,-0.8729,2e-04,secom_pearson1
p__Caldatribacteriota,p__Nanoarchaeota,0.9912,0,secom_pearson1
p__Calditrichota,p__Nanoarchaeota,0.8494,5e-04,secom_pearson1
p__Campilobacterota,p__Nanoarchaeota,-0.6422,0.0243,secom_pearson1
p__Chloroflexi,p__Nanoarchaeota,0.9873,0,secom_pearson1
p__Cloacimonadota,p__Nanoarchaeota,0.9886,0,secom_pearson1
p__Crenarchaeota,p__Nanoarchaeota,-0.7064,0.0102,secom_pearson1
p__Cyanobacteria,p__Nanoarchaeota,-0.8549,4e-04,secom_pearson1
p__Dependentiae,p__Nanoarchaeota,0.7114,0.0095,secom_pearson1
p__Desulfobacterota,p__Nanoarchaeota,0.7239,0.0078,secom_pearson1
p__Diatomea,p__Nanoarchaeota,-0.7662,0.0037,secom_pearson1
p__Elusimicrobiota,p__Nanoarchaeota,0.9039,3e-04,secom_pearson1
p__Fermentibacterota,p__Nanoarchaeota,0.9521,0,secom_pearson1
p__Gemmatimonadota,p__Nanoarchaeota,0.8448,5e-04,secom_pearson1
p__Hydrogenedentes,p__Nanoarchaeota,0.7135,0.0092,secom_pearson1
p__Latescibacterota,p__Nanoarchaeota,0.9382,0,secom_pearson1
p__LCP_89,p__Nanoarchaeota,0.8714,2e-04,secom_pearson1
p__Marinimicrobia_(SAR406_clade),p__Nanoarchaeota,0.9716,0,secom_pearson1
p__Myxococcota,p__Nanoarchaeota,-0.8774,2e-04,secom_pearson1
p__NB1_j,p__Nanoarchaeota,-0.9081,0,secom_pearson1
p__Nitrospinota,p__Nanoarchaeota,-0.9019,1e-04,secom_pearson1
p__Nitrospirota,p__Nanoarchaeota,-0.763,0.0039,secom_pearson1
p__NKB15,p__Nanoarchaeota,0.7519,0.0195,secom_pearson1
p__Patescibacteria,p__Nanoarchaeota,0.8538,4e-04,secom_pearson1
p__PAUC34f,p__Nanoarchaeota,0.812,0.0013,secom_pearson1
p__Planctomycetota,p__Nanoarchaeota,-0.891,1e-04,secom_pearson1
p__Proteobacteria,p__Nanoarchaeota,-0.8741,2e-04,secom_pearson1
p__Spirochaetota,p__Nanoarchaeota,0.9042,1e-04,secom_pearson1
p__Sumerlaeota,p__Nanoarchaeota,0.8571,0.0015,secom_pearson1
p__Sva0485,p__Nanoarchaeota,0.8522,4e-04,secom_pearson1
p__Thermoplasmatota,p__Nanoarchaeota,0.9745,0,secom_pearson1
p__Verrucomicrobiota,p__Nanoarchaeota,-0.8696,2e-04,secom_pearson1
p__WOR_1,p__Nanoarchaeota,0.8209,0.0067,secom_pearson1
p__WPS_2,p__Nanoarchaeota,-0.8172,0.0072,secom_pearson1
p__WS1,p__Nanoarchaeota,0.9548,1e-04,secom_pearson1
p__WS2,p__Nanoarchaeota,0.8988,0.001,secom_pearson1
p__Zixibacteria,p__Nanoarchaeota,0.9677,0,secom_pearson1
Not_Assigned,p__NB1_j,-0.9269,0,secom_pearson1
p__Acidobacteriota,p__NB1_j,-0.7898,0.0022,secom_pearson1
p__Actinobacteriota,p__NB1_j,-0.9349,0,secom_pearson1
p__Asgardarchaeota,p__NB1_j,-0.9082,0,secom_pearson1
p__Bacteroidota,p__NB1_j,0.8523,4e-04,secom_pearson1
p__Bdellovibrionota,p__NB1_j,0.864,3e-04,secom_pearson1
p__Caldatribacteriota,p__NB1_j,-0.8836,3e-04,secom_pearson1
p__Calditrichota,p__NB1_j,-0.9536,0,secom_pearson1
p__Chloroflexi,p__NB1_j,-0.9538,0,secom_pearson1
p__Cloacimonadota,p__NB1_j,-0.8994,1e-04,secom_pearson1
p__Cyanobacteria,p__NB1_j,0.7852,0.0025,secom_pearson1
p__Dependentiae,p__NB1_j,-0.8436,6e-04,secom_pearson1
p__Diatomea,p__NB1_j,0.7996,0.0018,secom_pearson1
p__Elusimicrobiota,p__NB1_j,-0.9244,1e-04,secom_pearson1
p__Fermentibacterota,p__NB1_j,-0.8099,0.0014,secom_pearson1
p__Gemmatimonadota,p__NB1_j,-0.8459,5e-04,secom_pearson1
p__Halobacterota,p__NB1_j,-0.7452,0.0054,secom_pearson1
p__Latescibacterota,p__NB1_j,-0.7296,0.0071,secom_pearson1
p__LCP_89,p__NB1_j,-0.9344,0,secom_pearson1
p__Marinimicrobia_(SAR406_clade),p__NB1_j,-0.9612,0,secom_pearson1
p__Myxococcota,p__NB1_j,0.8303,8e-04,secom_pearson1
p__Nanoarchaeota,p__NB1_j,-0.9081,0,secom_pearson1
p__Nitrospinota,p__NB1_j,0.8152,0.0012,secom_pearson1
p__Nitrospirota,p__NB1_j,0.8862,1e-04,secom_pearson1
p__NKB15,p__NB1_j,-0.8526,0.0035,secom_pearson1
p__Patescibacteria,p__NB1_j,-0.804,0.0016,secom_pearson1
p__PAUC34f,p__NB1_j,-0.8208,0.0011,secom_pearson1
p__Planctomycetota,p__NB1_j,0.8879,1e-04,secom_pearson1
p__Proteobacteria,p__NB1_j,0.9199,0,secom_pearson1
p__Spirochaetota,p__NB1_j,-0.8041,0.0016,secom_pearson1
p__Sumerlaeota,p__NB1_j,-0.7719,0.0089,secom_pearson1
p__Sva0485,p__NB1_j,-0.6057,0.0369,secom_pearson1
p__Thermoplasmatota,p__NB1_j,-0.9651,0,secom_pearson1
p__Verrucomicrobiota,p__NB1_j,0.9683,0,secom_pearson1
p__WOR_1,p__NB1_j,-0.868,0.0024,secom_pearson1
p__WPS_2,p__NB1_j,0.9071,7e-04,secom_pearson1
p__WS1,p__NB1_j,-0.9285,3e-04,secom_pearson1
p__WS2,p__NB1_j,-0.76,0.0175,secom_pearson1
p__Zixibacteria,p__NB1_j,-0.9678,0,secom_pearson1
Not_Assigned,p__Nitrospinota,-0.6775,0.0155,secom_pearson1
p__Acidobacteriota,p__Nitrospinota,-0.6239,0.0302,secom_pearson1
p__Actinobacteriota,p__Nitrospinota,-0.8218,0.001,secom_pearson1
p__Asgardarchaeota,p__Nitrospinota,-0.8889,1e-04,secom_pearson1
p__Bacteroidota,p__Nitrospinota,0.6394,0.0252,secom_pearson1
p__Bdellovibrionota,p__Nitrospinota,0.8272,9e-04,secom_pearson1
p__Caldatribacteriota,p__Nitrospinota,-0.8958,2e-04,secom_pearson1
p__Calditrichota,p__Nitrospinota,-0.734,0.0066,secom_pearson1
p__Chloroflexi,p__Nitrospinota,-0.896,1e-04,secom_pearson1
p__Cloacimonadota,p__Nitrospinota,-0.9373,0,secom_pearson1
p__Crenarchaeota,p__Nitrospinota,0.7293,0.0071,secom_pearson1
p__Cyanobacteria,p__Nitrospinota,0.7388,0.0061,secom_pearson1
p__Desulfobacterota,p__Nitrospinota,-0.799,0.0018,secom_pearson1
p__Diatomea,p__Nitrospinota,0.6014,0.0386,secom_pearson1
p__Elusimicrobiota,p__Nitrospinota,-0.7176,0.0195,secom_pearson1
p__Fermentibacterota,p__Nitrospinota,-0.9216,0,secom_pearson1
p__Gemmatimonadota,p__Nitrospinota,-0.696,0.0119,secom_pearson1
p__Hydrogenedentes,p__Nitrospinota,-0.6367,0.026,secom_pearson1
p__Latescibacterota,p__Nitrospinota,-0.8727,2e-04,secom_pearson1
p__LCP_89,p__Nitrospinota,-0.8451,5e-04,secom_pearson1
p__Marinimicrobia_(SAR406_clade),p__Nitrospinota,-0.8639,3e-04,secom_pearson1
p__Myxococcota,p__Nitrospinota,0.8065,0.0015,secom_pearson1
p__Nanoarchaeota,p__Nitrospinota,-0.9019,1e-04,secom_pearson1
p__NB1_j,p__Nitrospinota,0.8152,0.0012,secom_pearson1
p__Nitrospirota,p__Nitrospinota,0.6976,0.0117,secom_pearson1
p__Patescibacteria,p__Nitrospinota,-0.7363,0.0063,secom_pearson1
p__PAUC34f,p__Nitrospinota,-0.8233,0.001,secom_pearson1
p__Planctomycetota,p__Nitrospinota,0.8879,1e-04,secom_pearson1
p__Proteobacteria,p__Nitrospinota,0.7018,0.011,secom_pearson1
p__Spirochaetota,p__Nitrospinota,-0.8648,3e-04,secom_pearson1
p__Sva0485,p__Nitrospinota,-0.8814,2e-04,secom_pearson1
p__Thermoplasmatota,p__Nitrospinota,-0.8759,2e-04,secom_pearson1
p__Verrucomicrobiota,p__Nitrospinota,0.743,0.0056,secom_pearson1
p__WOR_1,p__Nitrospinota,-0.7713,0.0149,secom_pearson1
p__WPS_2,p__Nitrospinota,0.7015,0.0352,secom_pearson1
p__Zixibacteria,p__Nitrospinota,-0.847,5e-04,secom_pearson1
Not_Assigned,p__Nitrospirota,-0.892,1e-04,secom_pearson1
p__Acidobacteriota,p__Nitrospirota,-0.8517,4e-04,secom_pearson1
p__Actinobacteriota,p__Nitrospirota,-0.8097,0.0014,secom_pearson1
p__Asgardarchaeota,p__Nitrospirota,-0.8382,7e-04,secom_pearson1
p__Bacteroidota,p__Nitrospirota,0.6973,0.0117,secom_pearson1
p__Bdellovibrionota,p__Nitrospirota,0.7383,0.0061,secom_pearson1
p__Caldatribacteriota,p__Nitrospirota,-0.7112,0.0141,secom_pearson1
p__Calditrichota,p__Nitrospirota,-0.9199,0,secom_pearson1
p__Chloroflexi,p__Nitrospirota,-0.84,6e-04,secom_pearson1
p__Cloacimonadota,p__Nitrospirota,-0.768,0.0035,secom_pearson1
p__Dependentiae,p__Nitrospirota,-0.8938,1e-04,secom_pearson1
p__Diatomea,p__Nitrospirota,0.8811,2e-04,secom_pearson1
p__Elusimicrobiota,p__Nitrospirota,-0.8466,0.002,secom_pearson1
p__Fermentibacterota,p__Nitrospirota,-0.7215,0.0081,secom_pearson1
p__Gemmatimonadota,p__Nitrospirota,-0.6352,0.0265,secom_pearson1
p__Halobacterota,p__Nitrospirota,-0.9005,1e-04,secom_pearson1
p__LCP_89,p__Nitrospirota,-0.8172,0.0012,secom_pearson1
p__Marinimicrobia_(SAR406_clade),p__Nitrospirota,-0.8153,0.0012,secom_pearson1
p__Myxococcota,p__Nitrospirota,0.653,0.0213,secom_pearson1
p__Nanoarchaeota,p__Nitrospirota,-0.763,0.0039,secom_pearson1
p__NB1_j,p__Nitrospirota,0.8862,1e-04,secom_pearson1
p__Nitrospinota,p__Nitrospirota,0.6976,0.0117,secom_pearson1
p__NKB15,p__Nitrospirota,-0.9513,1e-04,secom_pearson1
p__Patescibacteria,p__Nitrospirota,-0.7896,0.0023,secom_pearson1
p__PAUC34f,p__Nitrospirota,-0.7306,0.007,secom_pearson1
p__Planctomycetota,p__Nitrospirota,0.7901,0.0022,secom_pearson1
p__Proteobacteria,p__Nitrospirota,0.8804,2e-04,secom_pearson1
p__Thermoplasmatota,p__Nitrospirota,-0.8697,2e-04,secom_pearson1
p__Verrucomicrobiota,p__Nitrospirota,0.8626,3e-04,secom_pearson1
p__WOR_1,p__Nitrospirota,-0.8022,0.0093,secom_pearson1
p__WPS_2,p__Nitrospirota,0.8194,0.0069,secom_pearson1
p__WS1,p__Nitrospirota,-0.7102,0.0321,secom_pearson1
p__Zixibacteria,p__Nitrospirota,-0.8553,4e-04,secom_pearson1
Not_Assigned,p__NKB15,0.8681,0.0024,secom_pearson1
p__Acidobacteriota,p__NKB15,0.7947,0.0105,secom_pearson1
p__Actinobacteriota,p__NKB15,0.8117,0.0079,secom_pearson1
p__Asgardarchaeota,p__NKB15,0.864,0.0027,secom_pearson1
p__Bacteroidota,p__NKB15,-0.685,0.0417,secom_pearson1
p__Bdellovibrionota,p__NKB15,-0.7403,0.0226,secom_pearson1
p__Caldatribacteriota,p__NKB15,0.6896,0.0398,secom_pearson1
p__Calditrichota,p__NKB15,0.9216,4e-04,secom_pearson1
p__Chloroflexi,p__NKB15,0.8484,0.0038,secom_pearson1
p__Cloacimonadota,p__NKB15,0.7583,0.0179,secom_pearson1
p__Dependentiae,p__NKB15,0.8866,0.0014,secom_pearson1
p__Diatomea,p__NKB15,-0.7448,0.0213,secom_pearson1
p__Elusimicrobiota,p__NKB15,0.8732,0.0021,secom_pearson1
p__Fermentibacterota,p__NKB15,0.7432,0.0217,secom_pearson1
p__Firmicutes,p__NKB15,0.7334,0.0245,secom_pearson1
p__Fusobacteriota,p__NKB15,0.745,0.0213,secom_pearson1
p__Halobacterota,p__NKB15,0.9084,7e-04,secom_pearson1
p__LCP_89,p__NKB15,0.7835,0.0125,secom_pearson1
p__Marinimicrobia_(SAR406_clade),p__NKB15,0.8236,0.0064,secom_pearson1
p__Nanoarchaeota,p__NKB15,0.7519,0.0195,secom_pearson1
p__NB1_j,p__NKB15,-0.8526,0.0035,secom_pearson1
p__Nitrospirota,p__NKB15,-0.9513,1e-04,secom_pearson1
p__Patescibacteria,p__NKB15,0.7064,0.0334,secom_pearson1
p__Planctomycetota,p__NKB15,-0.8289,0.0057,secom_pearson1
p__Proteobacteria,p__NKB15,-0.8261,0.0061,secom_pearson1
p__Thermoplasmatota,p__NKB15,0.8655,0.0026,secom_pearson1
p__Verrucomicrobiota,p__NKB15,-0.8442,0.0042,secom_pearson1
p__WOR_1,p__NKB15,0.8924,0.0069,secom_pearson1
p__WPS_2,p__NKB15,-0.9135,0.0109,secom_pearson1
p__Zixibacteria,p__NKB15,0.8713,0.0022,secom_pearson1
p__Asgardarchaeota,p__Patescibacteria,0.8816,1e-04,secom_pearson1
p__Bacteroidota,p__Patescibacteria,-0.777,0.0029,secom_pearson1
p__Bdellovibrionota,p__Patescibacteria,-0.8338,8e-04,secom_pearson1
p__Caldatribacteriota,p__Patescibacteria,0.8556,8e-04,secom_pearson1
p__Campilobacterota,p__Patescibacteria,-0.6023,0.0382,secom_pearson1
p__Cloacimonadota,p__Patescibacteria,0.8144,0.0013,secom_pearson1
p__Cyanobacteria,p__Patescibacteria,-0.6756,0.0159,secom_pearson1
p__Dependentiae,p__Patescibacteria,0.8334,8e-04,secom_pearson1
p__Diatomea,p__Patescibacteria,-0.8768,2e-04,secom_pearson1
p__Fermentibacterota,p__Patescibacteria,0.7818,0.0027,secom_pearson1
p__Hydrogenedentes,p__Patescibacteria,0.6316,0.0276,secom_pearson1
p__Latescibacterota,p__Patescibacteria,0.7296,0.0071,secom_pearson1
p__LCP_89,p__Patescibacteria,0.8076,0.0015,secom_pearson1
p__Myxococcota,p__Patescibacteria,-0.6093,0.0355,secom_pearson1
p__Nanoarchaeota,p__Patescibacteria,0.8538,4e-04,secom_pearson1
p__NB1_j,p__Patescibacteria,-0.804,0.0016,secom_pearson1
p__Nitrospinota,p__Patescibacteria,-0.7363,0.0063,secom_pearson1
p__Nitrospirota,p__Patescibacteria,-0.7896,0.0023,secom_pearson1
p__NKB15,p__Patescibacteria,0.7064,0.0334,secom_pearson1
p__PAUC34f,p__Patescibacteria,0.8247,0.001,secom_pearson1
p__Planctomycetota,p__Patescibacteria,-0.6985,0.0115,secom_pearson1
p__Proteobacteria,p__Patescibacteria,-0.8949,1e-04,secom_pearson1
p__SAR324_clade(Marine_group_B),p__Patescibacteria,-0.627,0.039,secom_pearson1
p__Sva0485,p__Patescibacteria,0.6129,0.0341,secom_pearson1
p__Verrucomicrobiota,p__Patescibacteria,-0.8227,0.001,secom_pearson1
p__WPS_2,p__Patescibacteria,-0.8267,0.006,secom_pearson1
Not_Assigned,p__PAUC34f,0.8094,0.0014,secom_pearson1
p__Acidobacteriota,p__PAUC34f,0.7891,0.0023,secom_pearson1
p__Actinobacteriota,p__PAUC34f,0.8319,8e-04,secom_pearson1
p__Asgardarchaeota,p__PAUC34f,0.8486,5e-04,secom_pearson1
p__Bacteroidota,p__PAUC34f,-0.7943,0.002,secom_pearson1
p__Bdellovibrionota,p__PAUC34f,-0.7759,0.003,secom_pearson1
p__Caldatribacteriota,p__PAUC34f,0.8781,4e-04,secom_pearson1
p__Calditrichota,p__PAUC34f,0.8129,0.0013,secom_pearson1
p__Chloroflexi,p__PAUC34f,0.8341,7e-04,secom_pearson1
p__Cloacimonadota,p__PAUC34f,0.8245,0.001,secom_pearson1
p__Cyanobacteria,p__PAUC34f,-0.6762,0.0158,secom_pearson1
p__Dependentiae,p__PAUC34f,0.7795,0.0028,secom_pearson1
p__Diatomea,p__PAUC34f,-0.7211,0.0081,secom_pearson1
p__Elusimicrobiota,p__PAUC34f,0.7503,0.0124,secom_pearson1
p__Fermentibacterota,p__PAUC34f,0.8017,0.0017,secom_pearson1
p__Gemmatimonadota,p__PAUC34f,0.7356,0.0064,secom_pearson1
p__Latescibacterota,p__PAUC34f,0.6903,0.013,secom_pearson1
p__LCP_89,p__PAUC34f,0.7528,0.0047,secom_pearson1
p__Marinimicrobia_(SAR406_clade),p__PAUC34f,0.7926,0.0021,secom_pearson1
p__Myxococcota,p__PAUC34f,-0.6955,0.012,secom_pearson1
p__Nanoarchaeota,p__PAUC34f,0.812,0.0013,secom_pearson1
p__NB1_j,p__PAUC34f,-0.8208,0.0011,secom_pearson1
p__Nitrospinota,p__PAUC34f,-0.8233,0.001,secom_pearson1
p__Nitrospirota,p__PAUC34f,-0.7306,0.007,secom_pearson1
p__Patescibacteria,p__PAUC34f,0.8247,0.001,secom_pearson1
p__Planctomycetota,p__PAUC34f,-0.7181,0.0085,secom_pearson1
p__Proteobacteria,p__PAUC34f,-0.75,0.005,secom_pearson1
p__Spirochaetota,p__PAUC34f,0.6935,0.0124,secom_pearson1
p__Sva0485,p__PAUC34f,0.6395,0.0251,secom_pearson1
p__Thermoplasmatota,p__PAUC34f,0.8303,8e-04,secom_pearson1
p__Verrucomicrobiota,p__PAUC34f,-0.8002,0.0018,secom_pearson1
p__WOR_1,p__PAUC34f,0.688,0.0405,secom_pearson1
p__WPS_2,p__PAUC34f,-0.7427,0.0219,secom_pearson1
p__WS1,p__PAUC34f,0.7592,0.0177,secom_pearson1
p__Zixibacteria,p__PAUC34f,0.7908,0.0022,secom_pearson1
Not_Assigned,p__Planctomycetota,-0.7691,0.0035,secom_pearson1
p__Acidobacteriota,p__Planctomycetota,-0.5807,0.0477,secom_pearson1
p__Actinobacteriota,p__Planctomycetota,-0.8413,6e-04,secom_pearson1
p__Asgardarchaeota,p__Planctomycetota,-0.8722,2e-04,secom_pearson1
p__Bacteroidota,p__Planctomycetota,0.6808,0.0148,secom_pearson1
p__Bdellovibrionota,p__Planctomycetota,0.7683,0.0035,secom_pearson1
p__Caldatribacteriota,p__Planctomycetota,-0.8461,0.001,secom_pearson1
p__Calditrichota,p__Planctomycetota,-0.8156,0.0012,secom_pearson1
p__Chloroflexi,p__Planctomycetota,-0.9117,0,secom_pearson1
p__Cloacimonadota,p__Planctomycetota,-0.8991,1e-04,secom_pearson1
p__Crenarchaeota,p__Planctomycetota,0.6345,0.0267,secom_pearson1
p__Cyanobacteria,p__Planctomycetota,0.682,0.0146,secom_pearson1
p__Dependentiae,p__Planctomycetota,-0.6526,0.0214,secom_pearson1
p__Diatomea,p__Planctomycetota,0.6008,0.0388,secom_pearson1
p__Elusimicrobiota,p__Planctomycetota,-0.8162,0.004,secom_pearson1
p__Fermentibacterota,p__Planctomycetota,-0.8962,1e-04,secom_pearson1
p__Gemmatimonadota,p__Planctomycetota,-0.6258,0.0295,secom_pearson1
p__Halobacterota,p__Planctomycetota,-0.6169,0.0326,secom_pearson1
p__Latescibacterota,p__Planctomycetota,-0.7871,0.0024,secom_pearson1
p__LCP_89,p__Planctomycetota,-0.8145,0.0013,secom_pearson1
p__Marinimicrobia_(SAR406_clade),p__Planctomycetota,-0.9032,1e-04,secom_pearson1
p__Myxococcota,p__Planctomycetota,0.7987,0.0018,secom_pearson1
p__Nanoarchaeota,p__Planctomycetota,-0.891,1e-04,secom_pearson1
p__NB1_j,p__Planctomycetota,0.8879,1e-04,secom_pearson1
p__Nitrospinota,p__Planctomycetota,0.8879,1e-04,secom_pearson1
p__Nitrospirota,p__Planctomycetota,0.7901,0.0022,secom_pearson1
p__NKB15,p__Planctomycetota,-0.8289,0.0057,secom_pearson1
p__Patescibacteria,p__Planctomycetota,-0.6985,0.0115,secom_pearson1
p__PAUC34f,p__Planctomycetota,-0.7181,0.0085,secom_pearson1
p__Proteobacteria,p__Planctomycetota,0.7494,0.005,secom_pearson1
p__Spirochaetota,p__Planctomycetota,-0.7682,0.0035,secom_pearson1
p__Sva0485,p__Planctomycetota,-0.732,0.0068,secom_pearson1
p__Thermoplasmatota,p__Planctomycetota,-0.8967,1e-04,secom_pearson1
p__Verrucomicrobiota,p__Planctomycetota,0.8008,0.0017,secom_pearson1
p__WOR_1,p__Planctomycetota,-0.8418,0.0044,secom_pearson1
p__WPS_2,p__Planctomycetota,0.7648,0.0164,secom_pearson1
p__WS1,p__Planctomycetota,-0.719,0.029,secom_pearson1
p__Zixibacteria,p__Planctomycetota,-0.9,1e-04,secom_pearson1
Not_Assigned,p__Proteobacteria,-0.9622,0,secom_pearson1
p__Acidobacteriota,p__Proteobacteria,-0.9089,0,secom_pearson1
p__Actinobacteriota,p__Proteobacteria,-0.9529,0,secom_pearson1
p__Asgardarchaeota,p__Proteobacteria,-0.9125,0,secom_pearson1
p__Bacteroidota,p__Proteobacteria,0.8833,1e-04,secom_pearson1
p__Bdellovibrionota,p__Proteobacteria,0.8688,2e-04,secom_pearson1
p__Caldatribacteriota,p__Proteobacteria,-0.8331,0.0014,secom_pearson1
p__Calditrichota,p__Proteobacteria,-0.9583,0,secom_pearson1
p__Campilobacterota,p__Proteobacteria,0.6024,0.0382,secom_pearson1
p__Chloroflexi,p__Proteobacteria,-0.9185,0,secom_pearson1
p__Cloacimonadota,p__Proteobacteria,-0.8357,7e-04,secom_pearson1
p__Cyanobacteria,p__Proteobacteria,0.7076,0.01,secom_pearson1
p__Dependentiae,p__Proteobacteria,-0.9119,0,secom_pearson1
p__Diatomea,p__Proteobacteria,0.9024,1e-04,secom_pearson1
p__Elusimicrobiota,p__Proteobacteria,-0.9475,0,secom_pearson1
p__Fermentibacterota,p__Proteobacteria,-0.7379,0.0062,secom_pearson1
p__Gemmatimonadota,p__Proteobacteria,-0.8531,4e-04,secom_pearson1
p__Halobacterota,p__Proteobacteria,-0.7903,0.0022,secom_pearson1
p__Hydrogenedentes,p__Proteobacteria,-0.6274,0.029,secom_pearson1
p__Latescibacterota,p__Proteobacteria,-0.6979,0.0116,secom_pearson1
p__LCP_89,p__Proteobacteria,-0.8901,1e-04,secom_pearson1
p__Marinimicrobia_(SAR406_clade),p__Proteobacteria,-0.9249,0,secom_pearson1
p__Myxococcota,p__Proteobacteria,0.704,0.0106,secom_pearson1
p__Nanoarchaeota,p__Proteobacteria,-0.8741,2e-04,secom_pearson1
p__NB1_j,p__Proteobacteria,0.9199,0,secom_pearson1
p__Nitrospinota,p__Proteobacteria,0.7018,0.011,secom_pearson1
p__Nitrospirota,p__Proteobacteria,0.8804,2e-04,secom_pearson1
p__NKB15,p__Proteobacteria,-0.8261,0.0061,secom_pearson1
p__Patescibacteria,p__Proteobacteria,-0.8949,1e-04,secom_pearson1
p__PAUC34f,p__Proteobacteria,-0.75,0.005,secom_pearson1
p__Planctomycetota,p__Proteobacteria,0.7494,0.005,secom_pearson1
p__Spirochaetota,p__Proteobacteria,-0.7388,0.0061,secom_pearson1
p__Sumerlaeota,p__Proteobacteria,-0.7579,0.0111,secom_pearson1
p__Thermoplasmatota,p__Proteobacteria,-0.9393,0,secom_pearson1
p__Verrucomicrobiota,p__Proteobacteria,0.9572,0,secom_pearson1
p__WOR_1,p__Proteobacteria,-0.8685,0.0024,secom_pearson1
p__WPS_2,p__Proteobacteria,0.9663,0,secom_pearson1
p__WS1,p__Proteobacteria,-0.9296,3e-04,secom_pearson1
p__WS2,p__Proteobacteria,-0.759,0.0177,secom_pearson1
p__Zixibacteria,p__Proteobacteria,-0.9368,0,secom_pearson1
p__Diatomea,p__SAR324_clade(Marine_group_B),0.742,0.0089,secom_pearson1
p__LCP_89,p__SAR324_clade(Marine_group_B),-0.6178,0.0428,secom_pearson1
p__Patescibacteria,p__SAR324_clade(Marine_group_B),-0.627,0.039,secom_pearson1
p__Asgardarchaeota,p__Spirochaetota,0.8602,3e-04,secom_pearson1
p__Bacteroidota,p__Spirochaetota,-0.7113,0.0095,secom_pearson1
p__Bdellovibrionota,p__Spirochaetota,-0.895,1e-04,secom_pearson1
p__Caldatribacteriota,p__Spirochaetota,0.9346,0,secom_pearson1
p__Campilobacterota,p__Spirochaetota,-0.6218,0.0309,secom_pearson1
p__Cloacimonadota,p__Spirochaetota,0.9058,0,secom_pearson1
p__Crenarchaeota,p__Spirochaetota,-0.6992,0.0114,secom_pearson1
p__Cyanobacteria,p__Spirochaetota,-0.8878,1e-04,secom_pearson1
p__Desulfobacterota,p__Spirochaetota,0.8025,0.0017,secom_pearson1
p__Diatomea,p__Spirochaetota,-0.581,0.0476,secom_pearson1
p__Fermentibacterota,p__Spirochaetota,0.8199,0.0011,secom_pearson1
p__Hydrogenedentes,p__Spirochaetota,0.8232,0.001,secom_pearson1
p__Latescibacterota,p__Spirochaetota,0.8855,1e-04,secom_pearson1
p__LCP_89,p__Spirochaetota,0.8522,4e-04,secom_pearson1
p__Myxococcota,p__Spirochaetota,-0.8793,2e-04,secom_pearson1
p__Nanoarchaeota,p__Spirochaetota,0.9042,1e-04,secom_pearson1
p__NB1_j,p__Spirochaetota,-0.8041,0.0016,secom_pearson1
p__Nitrospinota,p__Spirochaetota,-0.8648,3e-04,secom_pearson1
p__PAUC34f,p__Spirochaetota,0.6935,0.0124,secom_pearson1
p__Planctomycetota,p__Spirochaetota,-0.7682,0.0035,secom_pearson1
p__Proteobacteria,p__Spirochaetota,-0.7388,0.0061,secom_pearson1
p__Sva0485,p__Spirochaetota,0.8437,6e-04,secom_pearson1
p__Verrucomicrobiota,p__Spirochaetota,-0.7856,0.0025,secom_pearson1
p__WPS_2,p__Spirochaetota,-0.7607,0.0173,secom_pearson1
p__Asgardarchaeota,p__Sumerlaeota,0.7906,0.0065,secom_pearson1
p__Bacteroidota,p__Sumerlaeota,-0.7156,0.02,secom_pearson1
p__Bdellovibrionota,p__Sumerlaeota,-0.7325,0.016,secom_pearson1
p__Caldatribacteriota,p__Sumerlaeota,0.8596,0.003,secom_pearson1
p__Campilobacterota,p__Sumerlaeota,-0.6475,0.043,secom_pearson1
p__Cloacimonadota,p__Sumerlaeota,0.8302,0.0029,secom_pearson1
p__Cyanobacteria,p__Sumerlaeota,-0.9058,3e-04,secom_pearson1
p__Fermentibacterota,p__Sumerlaeota,0.6917,0.0267,secom_pearson1
p__Hydrogenedentes,p__Sumerlaeota,0.8634,0.0013,secom_pearson1
p__Latescibacterota,p__Sumerlaeota,0.7634,0.0102,secom_pearson1
p__LCP_89,p__Sumerlaeota,0.8089,0.0046,secom_pearson1
p__Myxococcota,p__Sumerlaeota,-0.734,0.0157,secom_pearson1
p__Nanoarchaeota,p__Sumerlaeota,0.8571,0.0015,secom_pearson1
p__NB1_j,p__Sumerlaeota,-0.7719,0.0089,secom_pearson1
p__Proteobacteria,p__Sumerlaeota,-0.7579,0.0111,secom_pearson1
p__Verrucomicrobiota,p__Sumerlaeota,-0.7793,0.0079,secom_pearson1
p__WPS_2,p__Sumerlaeota,-0.7754,0.0405,secom_pearson1
p__Actinobacteriota,p__Sva0485,0.6481,0.0227,secom_pearson1
p__Asgardarchaeota,p__Sva0485,0.7902,0.0022,secom_pearson1
p__Bdellovibrionota,p__Sva0485,-0.6672,0.0178,secom_pearson1
p__Caldatribacteriota,p__Sva0485,0.838,0.0013,secom_pearson1
p__Campilobacterota,p__Sva0485,-0.6562,0.0205,secom_pearson1
p__Chloroflexi,p__Sva0485,0.7803,0.0028,secom_pearson1
p__Cloacimonadota,p__Sva0485,0.8869,1e-04,secom_pearson1
p__Crenarchaeota,p__Sva0485,-0.9321,0,secom_pearson1
p__Cyanobacteria,p__Sva0485,-0.7164,0.0088,secom_pearson1
p__Desulfobacterota,p__Sva0485,0.9648,0,secom_pearson1
p__Fermentibacterota,p__Sva0485,0.9108,0,secom_pearson1
p__Gemmatimonadota,p__Sva0485,0.6038,0.0376,secom_pearson1
p__Hydrogenedentes,p__Sva0485,0.6923,0.0126,secom_pearson1
p__Latescibacterota,p__Sva0485,0.9641,0,secom_pearson1
p__LCP_89,p__Sva0485,0.6385,0.0255,secom_pearson1
p__Marinimicrobia_(SAR406_clade),p__Sva0485,0.7349,0.0065,secom_pearson1
p__Myxococcota,p__Sva0485,-0.8063,0.0015,secom_pearson1
p__Nanoarchaeota,p__Sva0485,0.8522,4e-04,secom_pearson1
p__NB1_j,p__Sva0485,-0.6057,0.0369,secom_pearson1
p__Nitrospinota,p__Sva0485,-0.8814,2e-04,secom_pearson1
p__Patescibacteria,p__Sva0485,0.6129,0.0341,secom_pearson1
p__PAUC34f,p__Sva0485,0.6395,0.0251,secom_pearson1
p__Planctomycetota,p__Sva0485,-0.732,0.0068,secom_pearson1
p__Spirochaetota,p__Sva0485,0.8437,6e-04,secom_pearson1
p__Thermoplasmatota,p__Sva0485,0.7421,0.0057,secom_pearson1
p__Zixibacteria,p__Sva0485,0.7124,0.0093,secom_pearson1
p__Asgardarchaeota,p__Thermoplasmatota,0.9748,0,secom_pearson1
p__Bacteroidota,p__Thermoplasmatota,-0.8385,7e-04,secom_pearson1
p__Bdellovibrionota,p__Thermoplasmatota,-0.9113,0,secom_pearson1
p__Caldatribacteriota,p__Thermoplasmatota,0.9554,0,secom_pearson1
p__Cloacimonadota,p__Thermoplasmatota,0.9639,0,secom_pearson1
p__Crenarchaeota,p__Thermoplasmatota,-0.5891,0.0439,secom_pearson1
p__Cyanobacteria,p__Thermoplasmatota,-0.8072,0.0015,secom_pearson1
p__Dependentiae,p__Thermoplasmatota,0.8124,0.0013,secom_pearson1
p__Desulfobacterota,p__Thermoplasmatota,0.5989,0.0396,secom_pearson1
p__Diatomea,p__Thermoplasmatota,-0.8425,6e-04,secom_pearson1
p__Fermentibacterota,p__Thermoplasmatota,0.9054,1e-04,secom_pearson1
p__Hydrogenedentes,p__Thermoplasmatota,0.6525,0.0214,secom_pearson1
p__Latescibacterota,p__Thermoplasmatota,0.8574,4e-04,secom_pearson1
p__LCP_89,p__Thermoplasmatota,0.9235,0,secom_pearson1
p__Myxococcota,p__Thermoplasmatota,-0.8643,3e-04,secom_pearson1
p__Nanoarchaeota,p__Thermoplasmatota,0.9745,0,secom_pearson1
p__NB1_j,p__Thermoplasmatota,-0.9651,0,secom_pearson1
p__Nitrospinota,p__Thermoplasmatota,-0.8759,2e-04,secom_pearson1
p__Nitrospirota,p__Thermoplasmatota,-0.8697,2e-04,secom_pearson1
p__NKB15,p__Thermoplasmatota,0.8655,0.0026,secom_pearson1
p__PAUC34f,p__Thermoplasmatota,0.8303,8e-04,secom_pearson1
p__Planctomycetota,p__Thermoplasmatota,-0.8967,1e-04,secom_pearson1
p__Proteobacteria,p__Thermoplasmatota,-0.9393,0,secom_pearson1
p__Sva0485,p__Thermoplasmatota,0.7421,0.0057,secom_pearson1
p__Verrucomicrobiota,p__Thermoplasmatota,-0.9439,0,secom_pearson1
p__WPS_2,p__Thermoplasmatota,-0.9036,8e-04,secom_pearson1
Not_Assigned,p__Verrucomicrobiota,-0.9478,0,secom_pearson1
p__Acetothermia,p__Verrucomicrobiota,-0.7417,0.0222,secom_pearson1
p__Acidobacteriota,p__Verrucomicrobiota,-0.8794,2e-04,secom_pearson1
p__Actinobacteriota,p__Verrucomicrobiota,-0.9582,0,secom_pearson1
p__Asgardarchaeota,p__Verrucomicrobiota,-0.8979,1e-04,secom_pearson1
p__Bacteroidota,p__Verrucomicrobiota,0.933,0,secom_pearson1
p__Bdellovibrionota,p__Verrucomicrobiota,0.9081,0,secom_pearson1
p__Caldatribacteriota,p__Verrucomicrobiota,-0.8403,0.0012,secom_pearson1
p__Calditrichota,p__Verrucomicrobiota,-0.977,0,secom_pearson1
p__Chloroflexi,p__Verrucomicrobiota,-0.9266,0,secom_pearson1
p__Cloacimonadota,p__Verrucomicrobiota,-0.8415,6e-04,secom_pearson1
p__Cyanobacteria,p__Verrucomicrobiota,0.7668,0.0036,secom_pearson1
p__Dependentiae,p__Verrucomicrobiota,-0.8913,1e-04,secom_pearson1
p__Diatomea,p__Verrucomicrobiota,0.8075,0.0015,secom_pearson1
p__Elusimicrobiota,p__Verrucomicrobiota,-0.9538,0,secom_pearson1
p__Fermentibacterota,p__Verrucomicrobiota,-0.7372,0.0062,secom_pearson1
p__Gemmatimonadota,p__Verrucomicrobiota,-0.8834,1e-04,secom_pearson1
p__Halobacterota,p__Verrucomicrobiota,-0.7917,0.0021,secom_pearson1
p__Hydrogenedentes,p__Verrucomicrobiota,-0.5777,0.0491,secom_pearson1
p__Latescibacterota,p__Verrucomicrobiota,-0.6711,0.0169,secom_pearson1
p__LCP_89,p__Verrucomicrobiota,-0.9075,0,secom_pearson1
p__Marinimicrobia_(SAR406_clade),p__Verrucomicrobiota,-0.9444,0,secom_pearson1
p__Myxococcota,p__Verrucomicrobiota,0.774,0.0031,secom_pearson1
p__Nanoarchaeota,p__Verrucomicrobiota,-0.8696,2e-04,secom_pearson1
p__NB1_j,p__Verrucomicrobiota,0.9683,0,secom_pearson1
p__Nitrospinota,p__Verrucomicrobiota,0.743,0.0056,secom_pearson1
p__Nitrospirota,p__Verrucomicrobiota,0.8626,3e-04,secom_pearson1
p__NKB15,p__Verrucomicrobiota,-0.8442,0.0042,secom_pearson1
p__Patescibacteria,p__Verrucomicrobiota,-0.8227,0.001,secom_pearson1
p__PAUC34f,p__Verrucomicrobiota,-0.8002,0.0018,secom_pearson1
p__Planctomycetota,p__Verrucomicrobiota,0.8008,0.0017,secom_pearson1
p__Proteobacteria,p__Verrucomicrobiota,0.9572,0,secom_pearson1
p__Spirochaetota,p__Verrucomicrobiota,-0.7856,0.0025,secom_pearson1
p__Sumerlaeota,p__Verrucomicrobiota,-0.7793,0.0079,secom_pearson1
p__Thermoplasmatota,p__Verrucomicrobiota,-0.9439,0,secom_pearson1
p__WOR_1,p__Verrucomicrobiota,-0.936,2e-04,secom_pearson1
p__WPS_2,p__Verrucomicrobiota,0.9485,1e-04,secom_pearson1
p__WS1,p__Verrucomicrobiota,-0.9447,1e-04,secom_pearson1
p__WS2,p__Verrucomicrobiota,-0.8142,0.0076,secom_pearson1
p__Zixibacteria,p__Verrucomicrobiota,-0.9513,0,secom_pearson1
p__Asgardarchaeota,p__WOR_1,0.876,0.002,secom_pearson1
p__Bacteroidota,p__WOR_1,-0.8692,0.0023,secom_pearson1
p__Bdellovibrionota,p__WOR_1,-0.8568,0.0032,secom_pearson1
p__Caldatribacteriota,p__WOR_1,0.748,0.0328,secom_pearson1
p__Cloacimonadota,p__WOR_1,0.7874,0.0118,secom_pearson1
p__Dependentiae,p__WOR_1,0.8016,0.0094,secom_pearson1
p__Fermentibacterota,p__WOR_1,0.8077,0.0085,secom_pearson1
p__Latescibacterota,p__WOR_1,0.6799,0.0439,secom_pearson1
p__LCP_89,p__WOR_1,0.7862,0.012,secom_pearson1
p__Myxococcota,p__WOR_1,-0.6875,0.0407,secom_pearson1
p__Nanoarchaeota,p__WOR_1,0.8209,0.0067,secom_pearson1
p__NB1_j,p__WOR_1,-0.868,0.0024,secom_pearson1
p__Nitrospinota,p__WOR_1,-0.7713,0.0149,secom_pearson1
p__Nitrospirota,p__WOR_1,-0.8022,0.0093,secom_pearson1
p__NKB15,p__WOR_1,0.8924,0.0069,secom_pearson1
p__PAUC34f,p__WOR_1,0.688,0.0405,secom_pearson1
p__Planctomycetota,p__WOR_1,-0.8418,0.0044,secom_pearson1
p__Proteobacteria,p__WOR_1,-0.8685,0.0024,secom_pearson1
p__Verrucomicrobiota,p__WOR_1,-0.936,2e-04,secom_pearson1
p__WPS_2,p__WOR_1,-0.9062,0.0128,secom_pearson1
Not_Assigned,p__WPS_2,-0.8785,0.0018,secom_pearson1
p__Acetothermia,p__WPS_2,-0.8596,0.0282,secom_pearson1
p__Acidobacteriota,p__WPS_2,-0.8245,0.0062,secom_pearson1
p__Actinobacteriota,p__WPS_2,-0.921,4e-04,secom_pearson1
p__Asgardarchaeota,p__WPS_2,-0.8197,0.0068,secom_pearson1
p__Bacteroidota,p__WPS_2,0.8453,0.0041,secom_pearson1
p__Bdellovibrionota,p__WPS_2,0.8985,0.001,secom_pearson1
p__Caldatribacteriota,p__WPS_2,-0.8046,0.016,secom_pearson1
p__Calditrichota,p__WPS_2,-0.9243,4e-04,secom_pearson1
p__Chloroflexi,p__WPS_2,-0.882,0.0017,secom_pearson1
p__Cloacimonadota,p__WPS_2,-0.7583,0.0179,secom_pearson1
p__Cyanobacteria,p__WPS_2,0.857,0.0032,secom_pearson1
p__Dependentiae,p__WPS_2,-0.7983,0.0099,secom_pearson1
p__Diatomea,p__WPS_2,0.8406,0.0045,secom_pearson1
p__Elusimicrobiota,p__WPS_2,-0.9281,0.0026,secom_pearson1
p__Gemmatimonadota,p__WPS_2,-0.8763,0.0019,secom_pearson1
p__Halobacterota,p__WPS_2,-0.7934,0.0107,secom_pearson1
p__LCP_89,p__WPS_2,-0.8884,0.0014,secom_pearson1
p__Marinimicrobia_(SAR406_clade),p__WPS_2,-0.9006,9e-04,secom_pearson1
p__Myxococcota,p__WPS_2,0.6974,0.0368,secom_pearson1
p__Nanoarchaeota,p__WPS_2,-0.8172,0.0072,secom_pearson1
p__NB1_j,p__WPS_2,0.9071,7e-04,secom_pearson1
p__Nitrospinota,p__WPS_2,0.7015,0.0352,secom_pearson1
p__Nitrospirota,p__WPS_2,0.8194,0.0069,secom_pearson1
p__NKB15,p__WPS_2,-0.9135,0.0109,secom_pearson1
p__Patescibacteria,p__WPS_2,-0.8267,0.006,secom_pearson1
p__PAUC34f,p__WPS_2,-0.7427,0.0219,secom_pearson1
p__Planctomycetota,p__WPS_2,0.7648,0.0164,secom_pearson1
p__Proteobacteria,p__WPS_2,0.9663,0,secom_pearson1
p__Spirochaetota,p__WPS_2,-0.7607,0.0173,secom_pearson1
p__Sumerlaeota,p__WPS_2,-0.7754,0.0405,secom_pearson1
p__Thermoplasmatota,p__WPS_2,-0.9036,8e-04,secom_pearson1
p__Verrucomicrobiota,p__WPS_2,0.9485,1e-04,secom_pearson1
p__WOR_1,p__WPS_2,-0.9062,0.0128,secom_pearson1
p__WS1,p__WPS_2,-0.8903,0.0174,secom_pearson1
p__WS2,p__WPS_2,-0.8663,0.0256,secom_pearson1
p__Zixibacteria,p__WPS_2,-0.9238,4e-04,secom_pearson1
p__Asgardarchaeota,p__WS1,0.9282,3e-04,secom_pearson1
p__Bacteroidota,p__WS1,-0.9555,1e-04,secom_pearson1
p__Bdellovibrionota,p__WS1,-0.8502,0.0037,secom_pearson1
p__Caldatribacteriota,p__WS1,0.9191,5e-04,secom_pearson1
p__Cloacimonadota,p__WS1,0.9321,3e-04,secom_pearson1
p__Crenarchaeota,p__WS1,0.7578,0.018,secom_pearson1
p__Dependentiae,p__WS1,0.9058,8e-04,secom_pearson1
p__Diatomea,p__WS1,-0.7305,0.0254,secom_pearson1
p__Fermentibacterota,p__WS1,0.9001,9e-04,secom_pearson1
p__LCP_89,p__WS1,0.9014,9e-04,secom_pearson1
p__Nanoarchaeota,p__WS1,0.9548,1e-04,secom_pearson1
p__NB1_j,p__WS1,-0.9285,3e-04,secom_pearson1
p__Nitrospirota,p__WS1,-0.7102,0.0321,secom_pearson1
p__PAUC34f,p__WS1,0.7592,0.0177,secom_pearson1
p__Planctomycetota,p__WS1,-0.719,0.029,secom_pearson1
p__Proteobacteria,p__WS1,-0.9296,3e-04,secom_pearson1
p__Verrucomicrobiota,p__WS1,-0.9447,1e-04,secom_pearson1
p__WPS_2,p__WS1,-0.8903,0.0174,secom_pearson1
p__Asgardarchaeota,p__WS2,0.7496,0.0201,secom_pearson1
p__Bacteroidota,p__WS2,-0.8893,0.0013,secom_pearson1
p__Bdellovibrionota,p__WS2,-0.7575,0.0181,secom_pearson1
p__Caldatribacteriota,p__WS2,0.9344,2e-04,secom_pearson1
p__Cloacimonadota,p__WS2,0.8357,0.005,secom_pearson1
p__Cyanobacteria,p__WS2,-0.8668,0.0025,secom_pearson1
p__Fermentibacterota,p__WS2,0.6852,0.0417,secom_pearson1
p__Latescibacterota,p__WS2,0.8071,0.0085,secom_pearson1
p__LCP_89,p__WS2,0.7324,0.0248,secom_pearson1
p__Myxococcota,p__WS2,-0.7039,0.0343,secom_pearson1
p__Nanoarchaeota,p__WS2,0.8988,0.001,secom_pearson1
p__NB1_j,p__WS2,-0.76,0.0175,secom_pearson1
p__Proteobacteria,p__WS2,-0.759,0.0177,secom_pearson1
p__Verrucomicrobiota,p__WS2,-0.8142,0.0076,secom_pearson1
p__WPS_2,p__WS2,-0.8663,0.0256,secom_pearson1
p__Asgardarchaeota,p__Zixibacteria,0.9634,0,secom_pearson1
p__Bacteroidota,p__Zixibacteria,-0.8571,4e-04,secom_pearson1
p__Bdellovibrionota,p__Zixibacteria,-0.9012,1e-04,secom_pearson1
p__Caldatribacteriota,p__Zixibacteria,0.9409,0,secom_pearson1
p__Cloacimonadota,p__Zixibacteria,0.9459,0,secom_pearson1
p__Cyanobacteria,p__Zixibacteria,-0.8447,5e-04,secom_pearson1
p__Dependentiae,p__Zixibacteria,0.815,0.0012,secom_pearson1
p__Diatomea,p__Zixibacteria,-0.8024,0.0017,secom_pearson1
p__Fermentibacterota,p__Zixibacteria,0.8812,2e-04,secom_pearson1
p__Hydrogenedentes,p__Zixibacteria,0.6623,0.019,secom_pearson1
p__Latescibacterota,p__Zixibacteria,0.8328,8e-04,secom_pearson1
p__LCP_89,p__Zixibacteria,0.9144,0,secom_pearson1
p__Myxococcota,p__Zixibacteria,-0.8513,4e-04,secom_pearson1
p__Nanoarchaeota,p__Zixibacteria,0.9677,0,secom_pearson1
p__NB1_j,p__Zixibacteria,-0.9678,0,secom_pearson1
p__Nitrospinota,p__Zixibacteria,-0.847,5e-04,secom_pearson1
p__Nitrospirota,p__Zixibacteria,-0.8553,4e-04,secom_pearson1
p__NKB15,p__Zixibacteria,0.8713,0.0022,secom_pearson1
p__PAUC34f,p__Zixibacteria,0.7908,0.0022,secom_pearson1
p__Planctomycetota,p__Zixibacteria,-0.9,1e-04,secom_pearson1
p__Proteobacteria,p__Zixibacteria,-0.9368,0,secom_pearson1
p__Sva0485,p__Zixibacteria,0.7124,0.0093,secom_pearson1
p__Verrucomicrobiota,p__Zixibacteria,-0.9513,0,secom_pearson1
p__WPS_2,p__Zixibacteria,-0.9238,4e-04,secom_pearson1
